Source,ReDoS,status,main_redos_pattern,sub_redos_pattern,attack_string,Group,,,,,,,,,,,
SOLA-DA,\s*\n\s*,TRUE,POLYNOMIAL,POA," ""+""\n""*20000+""�",C4#L2,,,,,,,,,,,
SOLA-DA,"[a-z][A-Z]|[A-Z]{2,}[a-z]|[0-9][a-zA-Z]|[a-zA-Z][0-9]|[^a-zA-Z0-9 ]",TRUE,POLYNOMIAL,SLQ2,"""+""AA""*10000+""�",C1#C3#L1,,,,,,,,,,,
SOLA-DA,.*[/\\],TRUE,POLYNOMIAL,SLQ2,"""+""�""*20000+""�",C4#L2#C2#T3,,,,,,,,,,,
SOLA-DA,.*\.,TRUE,POLYNOMIAL,SLQ2,"""+""�""*20000+""�",C4#L2#T3,,,,,,,,,,,
SOLA-DA,if\s*\([^)]+\)\s*\{\s*\}(?!\s*else),TRUE,POLYNOMIAL,SLQ2,"""+""if({}""*5000+""{}",C4#L2#T3#L3#D2#T1,,,,,,,,,,,
SOLA-DA,^(([^=;]+))\s*=\s*([^\n\r\0]*),TRUE,POLYNOMIAL,POA,"�""+"" ""*10000+"" ",C4#C3#L2,,,,,,,,,,,
SOLA-DA,^((?:=)?([^=;]*)\s*=\s*)?([^\n\r\0]*),TRUE,POLYNOMIAL,POA," ""+""\t""*10000+""@",C4#D2#C3#L2,,,,,,,,,,,
SOLA-DA,"*, *",FALSE,,,,T1#L2,,,,,,,,,,,
SOLA-DA,"[0-9]*['a-z\u00A0-\u05FF\u0700-\uD7FF\uF900-\uFDCF\uFDF0-\uFFEF]+|[\u0600-\u06FF\/]+(\s*?[\u0600-\u06FF]+){1,2}",TRUE,EXPONENT,NQ,"/؀""+""؀""*1024+"" ",C4#T1#L2#L3#D2#D1#C1,,,,,,,,,,,
SOLA-DA,\&([^;]+);,TRUE,POLYNOMIAL,SLQ2,"""+""&""*10000+""�",C3#T3#L3,,,,,,,,,,,
SOLA-DA,\s+$,TRUE,POLYNOMIAL,SLQ_1,"""+"" ""*20000+""!",C4#L3,,,,,,,,,,,
SOLA-DA,^(`+)\s*([\s\S]*?[^`])\s*\1(?!`),TRUE,POLYNOMIAL,POA,"`""+""`""*10000+""@",T1#L3#C4#D2#T3#C3,,,,,,,,,,,
SOLA-DA,^(.*?)\/(.*?)([\t ]*;.*)?$,TRUE,POLYNOMIAL,POA," ""+""/""*5000+""\n1\n",C4#L2#D2#T1,,,,,,,,,,,
SOLA-DA,(?: BePC|[ .]*fc[ \d.]+)$,TRUE,POLYNOMIAL,SLQ2,"""+"" ""*20000+""�",D2#T1#C2#L2#C4#L3,,,,,,,,,,,
SOLA-DA,^ +| +$,TRUE,POLYNOMIAL,SLQ_1,"��""+"" ""*20000+""◎ ◎",T1#L3,,,,,,,,,,,
SOLA-DA,(\d+)milli(?:second)?[s]?,TRUE,POLYNOMIAL,SLQ2,"""+""0""*10000+""m",C4#L3#T1#D2#C2,,,,,,,,,,,
SOLA-DA,(\d+)second[s]?,TRUE,POLYNOMIAL,SLQ2,"""+""0""*10000+""�",C4#L3#T1#D2#C2,,,,,,,,,,,
SOLA-DA,(\d+)minute[s]?,TRUE,POLYNOMIAL,SLQ2,"""+""0""*10000+""m",C4#L3#T1#D2#C2,,,,,,,,,,,
SOLA-DA,(\d+)hour[s]?,TRUE,POLYNOMIAL,SLQ2,"""+""0""*10000+""�",C4#L3#T1#D2#C2,,,,,,,,,,,
SOLA-DA,(\d+)day[s]?,TRUE,POLYNOMIAL,SLQ2,"""+""0""*10000+""�",C4#L3#T1#D2#C2,,,,,,,,,,,
SOLA-DA,(\d+)month[s]?,TRUE,POLYNOMIAL,SLQ2,"""+""0""*10000+""m",C4#L3#T1#D2#C2,,,,,,,,,,,
SOLA-DA,(\d+)year[s]?,TRUE,POLYNOMIAL,SLQ2,"""+""0""*10000+""�",C4#L3#T1#D2#C2,,,,,,,,,,,
SOLA-DA,(\d+[a-zA-Z]+)?,FALSE,,,,C4#L3#C1,,,,,,,,,,,
SOLA-DA,([A-Z\d]+)([A-Z][a-z]),TRUE,POLYNOMIAL,SLQ2,"""+""A""*10000+""�",C1#C4#L3,,,,,,,,,,,
SOLA-DA,\&([^;]+);,TRUE,POLYNOMIAL,SLQ2,"""+""&""*10000+""�",T3#C3#L3,,,,,,,,,,,
SOLA-DA,^\s+|\s+$,TRUE,POLYNOMIAL,SLQ_1,"��""+""\t""*20000+""! !",C4#L3,,,,,,,,,,,
SOLA-DA,(^\s+|\s+$),TRUE,POLYNOMIAL,SLQ_1,"��""+""\t""*20000+""! !",C4#L3,,,,,,,,,,,
SOLA-DA,"(?:charset|encoding)\s*=\s*['""]? *([\w\-]+)",TRUE,POLYNOMIAL,POA,"charset= ""+"" ""*10000+""@",D2#C4#C2#L2#L3,,,,,,,,,,,
SOLA-DA,Dell.*Streak|Dell.*Aero|Dell.*Venue|DELL.*Venue Pro|Dell Flash|Dell Smoke|Dell Mini 3iX|XCD28|XCD35|\\b001DL\\b|\\b101DL\\b|\\bGS01\\b,TRUE,POLYNOMIAL,SLQ2,"""+""Dell""*5000+""�",C4#L2#T1,,,,,,,,,,,
SOLA-DA,(?=.*\bAndroid\b)(?=.*\bMobile\b),TRUE,POLYNOMIAL,POA," ""+""�Android�""*5000+""",D2#C4#L2#T1,,,,,,,,,,,
SOLA-DA,(?=.*\bAndroid\b)(?=.*\bSD4930UR\b),TRUE,POLYNOMIAL,POA," ""+""�Android�""*5000+""",D2#C4#L2#T1,,,,,,,,,,,
SOLA-DA,(?=.*\bAndroid\b)(?=.*\b(?:KFOT|KFTT|KFJWI|KFJWA|KFSOWI|KFTHWI|KFTHWA|KFAPWI|KFAPWA|KFARWI|KFASWI|KFSAWI|KFSAWA)\b),TRUE,POLYNOMIAL,POA," ""+""�Android�""*5000+""",D2#C4#L2#T1#D3,,,,,,,,,,,
SOLA-DA,(?=.*\bWindows\b)(?=.*\bARM\b),TRUE,POLYNOMIAL,POA," ""+""bWindowsb""*5000+""",D2#C4#L2#T1,,,,,,,,,,,
SOLA-DA,(CriOS|Chrome)(?=.*\bMobile\b),TRUE,POLYNOMIAL,SLQ_2,"""+""=CriOS1""*5000+""@",C4#L2#T1#D2,,,,,,,,,,,
CVE,"^(?<host>[^ ]*) [^ ]* (?<user>[^ ]*) \[(?<time>[^\]]*)\] ""(?<method>\S+)(?: +(?<path>(?:[^\""]|\\.)*?)(?: +\S*)?)?"" (?<code>[^ ]*) (?<size>[^ ]*)(?: ""(?<referer>(?:[^\""]|\\.)*)"" ""(?<agent>(?:[^\""]|\\.)*)"")?$",TRUE,EXPONENT,EOD_i," [] ""� �""+""\\\\�""*16+""""",D2#C3#L2#T3#L3,,,,,,,,,,,
CVE,^(?:(?:[\w\-#_= /:]*|[+]|[!])(\(\?P<\w+>.+\)))+$,TRUE,EXPONENT,EOA_i1,"""+"" (?P<0>)""*32+"" ",C4#D2#L2#T3#L3#C2,,,,,,,,,,,
CVE,\{generate_code_example(\(\s*(.+?)\s*\))*\|\s*(.+?)\s*\|\s*(.+?)\s*(\(\s*(.+)\s*\))?\},TRUE,EXPONENT,EOA_i1,"{generate_code_example""+""(1)""*32+"" ",T3#C4#L3#L2#D2#T1,,,,,,,,,,,
CVE,\# \{code_example\|\s*(.+?)\s*\},TRUE,POLYNOMIAL,POA,"# {code_example|""+"" ""*5000+""! !",T3#T1#C4#L2#L3#D2,,,,,,,,,,,
CVE,\/\/ \{code_example\|\s*(.+?)\s*\},TRUE,POLYNOMIAL,POA,"// {code_example|""+"" ""*5000+""! !",T3#T1#C4#L2#L3#D2,,,,,,,,,,,
CVE,\{generate_api_description(\(\s*(.+?)\s*\))},TRUE,POLYNOMIAL,POA,"{generate_api_description( ""+"" ""*5000+""! !",T3#T1#C4#L2#L3#D2,,,,,,,,,,,
CVE,\{generate_api_title(\(\s*(.+?)\s*\))},TRUE,POLYNOMIAL,POA,"{generate_api_title( ""+"" ""*5000+""! !",T3#T1#C4#L2#L3#D2,,,,,,,,,,,
CVE,\{generate_response_description(\(\s*(.+?)\s*\))},TRUE,POLYNOMIAL,POA,"{generate_response_description(""+"" ""*5000+""! !",T3#T1#C4#L2#L3#D2,,,,,,,,,,,
CVE,\{generate_parameter_description(\(\s*(.+?)\s*\))},TRUE,POLYNOMIAL,POA,"{generate_parameter_description( ""+"" ""*5000+""! !",T3#T1#C4#L2#L3#D2,,,,,,,,,,,
CVE,/?(?P<events>([A-Z0-9_-]+/?)+)?,TRUE,EXPONENT,NQ,"A""+""A""*32+""aAa",D2#C4#L3#T1#C1,,,,,,,,,,,
CVE,.+\@.+\..+,TRUE,POLYNOMIAL,POA,"�""+""�@�""*5000+""\n1\n",C4#L3#T3,,,,,,,,,,,
CVE,^[\r\n]+|[\r\n]+$,TRUE,POLYNOMIAL,SLQ_1,"��""+""\n""*10000+""A\rA",C4#L3,,,,,,,,,,,
CVE,[\r\n]+$,TRUE,POLYNOMIAL,SLQ_1,"""+""\r""*10000+""A",C4#L3,,,,,,,,,,,
CVE,"^\s*(?:(\*|[-\w]*)\|)?((?:\\.|[\w\u00b0-\uFFFF-])+)\s*(?:(\S?)=\s*(?:(['""])((?:[^\\]|\\[^])*?)\4|(#?(?:\\.|[\w\u00b0-\uFFFF-])*)|)|)\s*([iIsS])?\s*\]",FALSE,,,,C4#L2#D2#C3#C2#C1,,,,,,,,,,,
CVE,"^(?:(.*)@)?((?:[^\[\]%:/?#]|%[a-fA-F0-9]{2})*|(?:[0-9]{1,3}\.){3}[0-9]{1,3}|\[(?:(?:[0-9A-Fa-f]{1,4}:){6}(?:[0-9A-Fa-f]{1,4}:[0-9A-Fa-f]{1,4}|(?:[0-9]{1,3}\.){3}[0-9]{1,3})|::(?:[0-9A-Fa-f]{1,4}:){5}(?:[0-9A-Fa-f]{1,4}:[0-9A-Fa-f]{1,4}|(?:[0-9]{1,3}\.){3}[0-9]{1,3})|(?:[0-9A-Fa-f]{1,4})?::(?:[0-9A-Fa-f]{1,4}:){4}(?:[0-9A-Fa-f]{1,4}:[0-9A-Fa-f]{1,4}|(?:[0-9]{1,3}\.){3}[0-9]{1,3})|(?:(?:[0-9A-Fa-f]{1,4}:)?[0-9A-Fa-f]{1,4})?::(?:[0-9A-Fa-f]{1,4}:){3}(?:[0-9A-Fa-f]{1,4}:[0-9A-Fa-f]{1,4}|(?:[0-9]{1,3}\.){3}[0-9]{1,3})|(?:(?:[0-9A-Fa-f]{1,4}:){0,2}[0-9A-Fa-f]{1,4})?::(?:[0-9A-Fa-f]{1,4}:){2}(?:[0-9A-Fa-f]{1,4}:[0-9A-Fa-f]{1,4}|(?:[0-9]{1,3}\.){3}[0-9]{1,3})|(?:(?:[0-9A-Fa-f]{1,4}:){0,3}[0-9A-Fa-f]{1,4})?::[0-9A-Fa-f]{1,4}:(?:[0-9A-Fa-f]{1,4}:[0-9A-Fa-f]{1,4}|(?:[0-9]{1,3}\.){3}[0-9]{1,3})|(?:(?:[0-9A-Fa-f]{1,4}:){0,4}[0-9A-Fa-f]{1,4})?::(?:[0-9A-Fa-f]{1,4}:[0-9A-Fa-f]{1,4}|(?:[0-9]{1,3}\.){3}[0-9]{1,3})|(?:(?:[0-9A-Fa-f]{1,4}:){0,5}[0-9A-Fa-f]{1,4})?::[0-9A-Fa-f]{1,4}|(?:(?:[0-9A-Fa-f]{1,4}:){0,6}[0-9A-Fa-f]{1,4})?::)(?:(?:%25|%)(?:[ABCDEFGHIJKLMNOPQRSTUVWXYZabcdefghijklmnopqrstuvwxyz0123456789._!\-~]|%[a-fA-F0-9]{2})+)?\])(?::([0-9]{0,5}))?$",TRUE,POLYNOMIAL,POA," ""+""@""*5000+""#",D2#C4#L2#C3#S1#D1#T3#C2#T1#C1,,,,,,,,C2,T1,C1,
CVE,"^data:(?<type>.*?),(?<data>.*?)(?:#(?<hash>.*))?$",TRUE,POLYNOMIAL,POA,"data: ""+"",""*5000+""\n1\n",D2#T1#C4#L2,,,,,,,,,,,
CVE,((\r\n|\r|\n)+) *$,TRUE,EXPONENT,EOD_i,"""+""\r\n\n""*32+""◎ ◎",C4#L3#L2,,,,,,,,,,,
CVE,"^"" ""(?P<local>[^@]*[^@.])"" r""@"" r""(?P<server>[^@]+(?:\.[^@]+)*)"" r""$",TRUE,EXPONENT,EOA_i3,""" ""A"" r""@"" r""A""+"".""*32+""@",T1#C3#D2#L3#L2,,,,,,,,,,,
CVE,<pre>((.|\s)*?)</pre>,TRUE,EXPONENT,EOD_i,"<pre>""+""\t\t""*16+""@",L2#D2#T1#C4,,,,,,,,,,,
CVE,"(?:\[(?:[^\]\\""]|([""'])(?:(?!\1)[^\\]|\\.)*\1|\\.)*\])",TRUE,EXPONENT,EOD_i,"[�""+""''�""*16+""",D2#C3#L3#T3#C2,,,,,,,,,,,
CVE,[&*$@%]#?(?:(?:::)*'?(?!\d)[\w$]+)+(?:::)*,TRUE,EXPONENT,NQ,"$a""+""a""*32+""�",C2#D2#T1#C4#L2#L3,,,,,,,,,,,
CVE,"^[0-9]{10,11}\.[0-9]+ \[[0-9]+ .+\]( "".+?"")+$",TRUE,EXPONENT,EOA_i3,"0000000000.0 [0 1]""+"" """"""*32+""A",C4#D1#T3#L2#D2#C1,,,,,,,,,,,
CVE,"^hwb\(\s*([+-]?\d*[\.]?\d+)(?:deg)?\s*,\s*([+-]?[\d\.]+)%\s*,\s*([+-]?[\d\.]+)%\s*(?:,\s*([+-]?[\d\.]+)\s*)?\)$",TRUE,POLYNOMIAL,POA,"hwb(""+""0""*5000+""@",T1#C4#C2#D2#L2#T3#L3#T3,,,,,,,,T3,,,
CVE,"\s*<!Entity\s+\S*\s*(?:""|')[^""]+(?:""|')\s*>",TRUE,POLYNOMIAL,POA,"<!Entity""+"" ""*5000+"" ",C4#T1#L3#L2#C3,,,,,,,,,,,
CVE,\[?(?:\s*<![A-Z]+[^>]*>\s*)*\]?,TRUE,EXPONENT,EOA_ii1,"""+""\t<!A>""*32+""�",C4#L2#C3#T3#D2#T1,,,,,,,,,,,
CVE,^\s*(?:<\?xml[^>]*>\s*)?(?:<!doctype svg[^>]*\s*(?:\[?(?:\s*<![^>]*>\s*)*\]?)*[^>]*>\s*)?(?:<svg[^>]*>[^]*<\/svg>|<svg[^/>]*\/\s*>)\s*$,FALSE,,,,C4#D2#L2#T1#C3#T3,,,,,,,,,,,
CVE,"\[[!""#%&'()*+,-./{|}<>_~]+ (?:\[[^\]]+\]|[^\]])+\]",TRUE,EXPONENT,EOD_i,"[~ ""+""[[�]""*32+""] ",T3#C2#L2#D2#T1,,,,,,,,,,,
CVE,\[\[.+?[\]]*\]\],TRUE,POLYNOMIAL,POA,"[[""+""]""*10000+"" ",T3#L3#C2#L2,,,,,,,,,,,
CVE,\[https?:\/\/[^\s\]]+(?:\s+[^\]]*[^\s])?\],TRUE,POLYNOMIAL,POA,"[http://A""+"" ""*10000+""",T1#D2#C4#L2#L3#C3#T3,,,,,,,,,,,
CVE,\[[^\]]*[^\s]\s+https?:\/\/[^\s\]]+\],TRUE,POLYNOMIAL,SLQ2,"""+""[""*10000+""\t",T1#T3#D2#L2#C4#L3,,,,,,,,,,,
CVE,(?<=^| )https?:\/\/[^\s\]]+,FALSE,,,,D2#T1#C4#L3#C3#T3,,,,,,,,,,,
CVE,android.+[;\/]\s+(Barnes[&\s]+Noble\s+|BN[RT])(V?.*)\s+build,TRUE,POLYNOMIAL,POA,"android""+""�/\tBarnes\tNoble\t""*5000+""@",T1#D2#C4#L2#L3#T3,,,,,,,,,,,
CVE,[+-]?(\d+)*\.\d+%?,TRUE,EXPONENT,NQ,"0""+""0""*32+"" ",C2#D2#C4#L3#T3#T3,,,,,,,,,,,
CVE,\s+(?:.|\n)*?\s+,TRUE,POLYNOMIAL,POA," ""+"" ""*5000+""!",C4#D2#C4#L2#T3#L3,,,,,,,,,,,
CVE,(\{\s+)(\S+)(\s+[^}]+\s+\}\s),TRUE,POLYNOMIAL,POA,"""+""{\t� ""*5000+"" ",T3#C4#L3#C3,,,,,,,,,,,
CVE,.*``.*``.*,TRUE,POLYNOMIAL,POA," ""+""``""*5000+""\n1\n",C4#L2#T1,,,,,,,,,,,
CVE,(\s*)(?:(.+)(\s*)(=)(\s*))?(.+)(\()(.*)(\))(\s*),TRUE,POLYNOMIAL,POA," ""+""�""*5000+""!",C4#L2#T1#T3#D2,,,,,,,,,,,
CVE,(%config)(\s*\(\s*)(\w+)(\s*=\s*)(.*?)(\s*\)\s*),TRUE,POLYNOMIAL,POA,"%config(1=""+""\t""*5000+""@",C4#L2#T1#T3#D2,,,,,,,,,,,
CVE,(%new)(\s*)(\()(\s*.*?\s*)(\)),TRUE,POLYNOMIAL,POA,"%new(""+""\t""*5000+""@",C4#L2#T1#T3#D2,,,,,,,,,,,
CVE,"(\$)(evoque|overlay)(\{(%)?)(\s*[#\w\-""\'.]+[^=,%}]+?)?",TRUE,POLYNOMIAL,POA,"$evoque{-""+""""""""*5000+""!~%!~%",C4#L2#T1#T3#D2#C3,,,,,,,,,,,
CVE,(\.\w+\b)(\s*=\s*)([^;]*)(\s*;),TRUE,POLYNOMIAL,POA,".0= ""+""\t""*5000+""!;!;!",T3#C4#C3#L2#T1,,,,,,,,,,,
CVE,"^([^-]+)-([A-Za-z0-9+/=]{44,88})(\?[\x21-\x7E]*)*$",TRUE,EXPONENT,EOA_i1,"A-AAAAAAAAAAAAAAAAAAAAAAAAAAAAAAAAAAAAAAAAAAAA""+""?""*32+"" ",C4#T2#D1#C3#L3#T1#T3#L2#C1,,,,,,,,L2,C1,,
CVE,-\*-\s*([^\r\n]*?)\s*-\*-,TRUE,POLYNOMIAL,POA,"-*-""+""\t""*5000+""@",T3#C3#L2#D2#C4,,,,,,,,,,,
CVE,\[\#(\w+)\s*([^@]*)\s*@(\w+)([^\]]*)\],TRUE,POLYNOMIAL,POA,"[#A""+""0""*5000+""@",T3#C2#C4#L3#C3#L2#1,,,,,,,,,,,
CVE,^```\s*?([\w+-]+)?\s*?\n,TRUE,POLYNOMIAL,POA,"```""+""\t""*10000+""@",C4#L2#D2#L3#T1,,,,,,,,,,,
CVE,"^(https?|ftp):\/\/(-\.)?([^\s\/?\.#]+\.?)+(\/[^\s]*)?[^\s\.,]$",TRUE,EXPONENT,NQ,"ftp://�""+""�""*32+"" ",T1#D2#D3#T3#C3#C4#L3#L2,,,,,,,,L2,,,
CVE,(?:^|;)\s* + name + \s*:\s*([^;]*),TRUE,POLYNOMIAL,POA," ""+"" ""*10000+""!",D2#T1#C4#L2#C3#L2,,,,,,,,,,,
CVE,[\000\011\012\014\015\040]+trailer[\000\011\012\014\015\040]*\<\<(.*\>\>)[\000\011\014\015\040]*[\r\n]+[\000\011\014\015\040]*startxref[\000\011\014\015\040]*[\r\n]+[\000\011\014\015\040]*([0-9]+)[\000\011\014\015\040]*[\r\n]+[\000\011\014\015\040]*%%EOF[\000\011\012\014\015\040]*$,TRUE,POLYNOMIAL,POA,"\rtrailer<<>>""+""\n""*20000+"" ",T3#T1#L3#C4#L2#L3,,,,,,,,,,,
CVE,[\000\011\012\014\015\040]*trailer[\000\011\012\014\015\040]*\<\<(.*?\>\>)[\000\011\014\015\040]*[\r\n]+[\000\011\014\015\040]*startxref[\000\011\014\015\040]*[\r\n]+[\000\011\014\015\040]*([0-9]+)[\000\011\014\015\040]*[\r\n]+[\000\011\014\015\040]*%%EOF[\000\011\012\014\015\040]*,TRUE,POLYNOMIAL,POA,"trailer<<>>""+""\n""*20000+"" ",T3#T1#L3#C4#L2#L3,,,,,,,,,,,
CVE,"^\s*[+-.]?\s*(?:(?:\d+(?:(\.|,)\d+)?(?:e[+-]?\d+)?)|(?:0x[a-f\d]+))\s*$",TRUE,POLYNOMIAL,POA," ""+""\t""*5000+""�",C4#C2#D2#L2#L3,,,,,,,,,,,
CVE,"hsl\(\s*(\d+\.?\d*)\s*,\s*(\d+\.?\d*)%\s*,\s*(\d+\.?\d*)%\s*\)$",TRUE,POLYNOMIAL,POA,"hsl(0""+""0""*5000+""@",T1#C4#L2#L2#D2#T3,,,,,,,,,,,
CVE,"hs[bv]\(\s*(\d+\.?\d*)\s*,\s*(\d+\.?\d*)%\s*,\s*(\d+\.?\d*)%\s*\)$",TRUE,POLYNOMIAL,POA,"hsb(0""+""0""*5000+""@",T1#C2#T3#C4#L2#L3#D2,,,,,,,,,,,
CVE,^(?:\r|\n)+|(?:\r|\n)+$,FALSE,,,,D2#C4#L3#T1,,,,,,,,,,,
CVE,^(.)(.*?)\t(.*?)\t(.*?)\t(.*?)\u000d\u000a$,TRUE,POLYNOMIAL,POA,"� ""+""\t""*5000+""\n1\n",T1#L2#D2#C4,,,,,,,,,,,
CVE,^((([a-z]|\d|[!#\$%&'\*\+\-\/=\?\^_`{\|}~]|[\u00A0-\uD7FF\uF900-\uFDCF\uFDF0-\uFFEF])+(\.([a-z]|\d|[!#\$%&'\*\+\-\/=\?\^_`{\|}~]|[\u00A0-\uD7FF\uF900-\uFDCF\uFDF0-\uFFEF])+)*)|((\x22)((((\x20|\x09)*(\x0d\x0a))?(\x20|\x09)+)?(([\x01-\x08\x0b\x0c\x0e-\x1f\x7f]|\x21|[\x23-\x5b]|[\x5d-\x7e]|[\u00A0-\uD7FF\uF900-\uFDCF\uFDF0-\uFFEF])|(\\([\x01-\x09\x0b\x0c\x0d-\x7f]|[\u00A0-\uD7FF\uF900-\uFDCF\uFDF0-\uFFEF]))))*(((\x20|\x09)*(\x0d\x0a))?(\x20|\x09)+)?(\x22)))@((([a-z]|\d|[\u00A0-\uD7FF\uF900-\uFDCF\uFDF0-\uFFEF])|(([a-z]|\d|[\u00A0-\uD7FF\uF900-\uFDCF\uFDF0-\uFFEF])([a-z]|\d|-|\.|_|~|[\u00A0-\uD7FF\uF900-\uFDCF\uFDF0-\uFFEF])*([a-z]|\d|[\u00A0-\uD7FF\uF900-\uFDCF\uFDF0-\uFFEF])))\.)+(([a-z]|[\u00A0-\uD7FF\uF900-\uFDCF\uFDF0-\uFFEF])|(([a-z]|[\u00A0-\uD7FF\uF900-\uFDCF\uFDF0-\uFFEF])([a-z]|\d|-|\.|_|~|[\u00A0-\uD7FF\uF900-\uFDCF\uFDF0-\uFFEF])*([a-z]|[\u00A0-\uD7FF\uF900-\uFDCF\uFDF0-\uFFEF])))\.?$,TRUE,EXPONENT,EOD_i,"!@0.""+""000.""*32+""A",C4#T3#C2#L3#L2#T2#T1#C1,,,,,,,,C1,,,
CVE,\/\*\s*# sourceMappingURL=(.*)\*\/,TRUE,POLYNOMIAL,SLQ2,"""+""/*# sourceMappingURL=""*5000+""�",T3#C4#T1#L2,,,,,,,,,,,
CVE,\/\*\s*# sourceMappingURL=.*\*\/,TRUE,POLYNOMIAL,SLQ2,"""+""/*# sourceMappingURL=""*5000+""�",T3#C4#T1#L2,,,,,,,,,,,
CVE,((?:(?:twaalf|zeven|negen|twee|drie|vier|vijf|acht|tien|een|zes|elf)|[0-9]+|[0-9]+\.[0-9]+|een?|halve?))\s*((?:seconden|minuten|maanden|second|minute|dagen|weken|maand|jaren|mins|uren|week|jaar|sec|min|hrs|uur|dag|hr|jr|h))\s*,TRUE,POLYNOMIAL,SLQ2,"""+""0""*5000+"" ",D2#T1#C4#L3#D3#L2#T1#C1,,,,,,,,C1,,,
CVE,"(?:(?:about|around)\s*)?(?:(?:(?:twaalf|zeven|negen|twee|drie|vier|vijf|acht|tien|een|zes|elf)|[0-9]+|[0-9]+\.[0-9]+|een?|halve?))\s*(?:(?:seconden|minuten|maanden|second|minute|dagen|weken|maand|jaren|mins|uren|week|jaar|sec|min|hrs|uur|dag|hr|jr|h))\s*\s*(?:,?\s*(?:(?:(?:twaalf|zeven|negen|twee|drie|vier|vijf|acht|tien|een|zes|elf)|[0-9]+|[0-9]+\.[0-9]+|een?|halve?))\s*(?:(?:seconden|minuten|maanden|second|minute|dagen|weken|maand|jaren|mins|uren|week|jaar|sec|min|hrs|uur|dag|hr|jr|h))\s*)*",TRUE,EXPONENT,EOA_ii1,"twaalfseconden""+""\t0h""*32+""@",D2#C4#L3#L2#T1#C1,,,,,,,,,,,
CVE,\/\*\s*# sourceMappingURL=(.*)\s*\*\/,TRUE,POLYNOMIAL,POA,"/*# sourceMappingURL=""+""\t""*10000+""",T3#C4#T1#L2,,,,,,,,,,,
CVE,\/\*\s*# sourceMappingURL=.*\s*\*\/,TRUE,POLYNOMIAL,POA,"/*# sourceMappingURL=""+""\t""*10000+""",T3#C4#T1#L2,,,,,,,,,,,
CVE,^([^:]+):(?:(?:[^@:]+(?:[^@]+)?@)?([^/]*))[/](.+?)(?:[.]git)?($|#),TRUE,POLYNOMIAL,POA,"�:�""+""��""*5000+""@",C3#L2#L3#T1#L3,,,,,,,,,,,
CVE,\%(?:\(([\w_.]+)\)|([1-9]\d*)\$)?([0 +\-\#]*)(\*|\d+)?(\.)?(\*|\d+)?[hlL]?([\%bscdeEfFgGioOuxX]),TRUE,POLYNOMIAL,POA,"%""+""0""*5000+"" ",T3#C4#L3#C1#C2#L2,,,,,,,,,,,
CVE,^data:(\w*\/\w*);*(charset=[\w=-]*)*;*$,TRUE,EXPONENT,EOA_ii1,"data:/charset=""+""charset=""*32+""@",T1#C4#L2#T3,,,,,,,,,,,
CVE,"^(\/?|)([\s\S]*?)((?:\.{1,2}|[^\/]+?|)(\.[^.\/]*|))(?:[\/]*)$",TRUE,POLYNOMIAL,POA," ""+"".""*5000+""A/A",T3#D1#C4#L2#D2#L3,,,,,,,,,,,
CVE,"(^[ \t]*)\[(?!\[)(?:([""'$`])(?:(?!\2)[^\\]|\\.)*\2|\[(?:[^\]\\]|\\.)*\]|[^\]\\]|\\.)*\]",TRUE,EXPONENT,EOD_i,"[�""+""`""""""*16+""",C4#T3#T1#L2#D2,,,,,,,,,,,
CVE,"^\|={3,}(?:(?:\r?\n|\r).*)*?(?:\r?\n|\r)\|={3,}$",TRUE,EXPONENT,EOD_i,"|===""+""\r\n""*32+""",L1#D2#C4#L2#T3,,,,,,,,,,,
CVE,"\b[a-z\d][a-z\d-]*::?(?:(?:\S+)??\[(?:[^\]\\""]|([""'])(?:(?!\1)[^\\]|\\.)*\1|\\.)*\])",TRUE,EXPONENT,EOD_i,"a:[""+""''�""*16+""",C4#C1#L2#D2#L3#T3#T1,,,,,,,,,,,
CVE,"(^|[^\\](?:\\\\)*)([""'])(?:\\[\s\S]|\$\([^)]+\)|`[^`]+`|(?!\2)[^\\])*\2",FALSE,,,,C4#C3#L2#D2#L3#T3#T1#C2,,,,,,,,C2,,,
CVE,"((?:^|[&(])[ \t]*)for(?: ?\/[a-z?](?:[ :](?:""[^""]*""|\S+))?)* \S+ in \([^)]+\) do",TRUE,POLYNOMIAL,SLQ2,"""+""&for/?:""*5000+"" ",C4#C3#L2#D2#L3#T3#T1#C2,,,,,,,,C2,,,
CVE,"((?:^|[&(])[ \t]*)if(?: ?\/[a-z?](?:[ :](?:""[^""]*""|\S+))?)* (?:not )?(?:cmdextversion \d+|defined \w+|errorlevel \d+|exist \S+|(?:""[^""]*""|\S+)?(?:==| (?:equ|neq|lss|leq|gtr|geq) )(?:""[^""]*""|\S+))",TRUE,EXPONENT,EOA_i1,"if""+""/? """"""*32+"" ",C4#L3#D2#C3#L2#T3#T1,,,,,,,,,,,
CVE,"((?:^|[&(])[ \t]*)set(?: ?\/[a-z](?:[ :](?:""[^""]*""|\S+))?)* (?:[^^&)\r\n]|\^(?:\r\n|[\s\S]))*",TRUE,EXPONENT,EOA_i1,"set/a""+""/a:""""""*16+""A",D2#C2#C3#C4#3#L3#T3#T1,,,,,,,,T1,,,
CVE,"""(?:%\s*\n\s*%|%.|[^%""\r\n])*""",TRUE,POLYNOMIAL,POA,"""%""+""\n""*10000+""@",C4#C3#T1#L2#T3,,,,,,,,,,,
CVE,"""(?:[^\\""\r\n]|\\(?:[abfnrtv\\""]|\d+|x[0-9a-fA-F]+))*""",TRUE,EXPONENT,EOD_ii1,"""""+""\\x00""*32+""@",C4#C3#T1#L2#C1#T3#C2,,,,,,,,,,,
CVE,"(?:\w+_)?(['""])(?:\1\1|&(?:\r\n?|\n)(?:\s*!.+(?:\r\n?|\n))?|(?!\1).)*(?:\1|&)",TRUE,EXPONENT,EOA_i1,"""""+""&\r\n!�&\n!�""*16+""",D2#C4#C2#T3#T1#L2#L3,,,,,,,,,,,
CVE,"(""|')(?:(?!\1|\$\{)[^\\]|\\.|\$\{(?:[^<()""']|\((?:[^<()""']|\((?:[^<()""']|\((?:[^<()""']|\((?:[^\s\S])*\)|<(?!#--)|<#--(?:[^-]|-(?!->))*-->|""(?:[^\\""]|\\.)*""|'(?:[^\\']|\\.)*')*\)|<(?!#--)|<#--(?:[^-]|-(?!->))*-->|""(?:[^\\""]|\\.)*""|'(?:[^\\']|\\.)*')*\)|<(?!#--)|<#--(?:[^-]|-(?!->))*-->|""(?:[^\\""]|\\.)*""|'(?:[^\\']|\\.)*')*\)|<(?!#--)|<#--(?:[^-]|-(?!->))*-->|""(?:[^\\""]|\\.)*""|'(?:[^\\']|\\.)*')*?\})*\1",TRUE,EXPONENT,EOD_i,"""""+""${<#---->}""*32+""@",T1#D2#T3#C4#L2#C3,,,,,,,,,,,
CVE,"((?:^|[^\\])(?:\\\\)*)\$\{(?:[^<()""']|\((?:[^<()""']|\((?:[^<()""']|\((?:[^<()""']|\((?:[^\s\S])*\)|<(?!#--)|<#--(?:[^-]|-(?!->))*-->|""(?:[^\\""]|\\.)*""|'(?:[^\\']|\\.)*')*\)|<(?!#--)|<#--(?:[^-]|-(?!->))*-->|""(?:[^\\""]|\\.)*""|'(?:[^\\']|\\.)*')*\)|<(?!#--)|<#--(?:[^-]|-(?!->))*-->|""(?:[^\\""]|\\.)*""|'(?:[^\\']|\\.)*')*\)|<(?!#--)|<#--(?:[^-]|-(?!->))*-->|""(?:[^\\""]|\\.)*""|'(?:[^\\']|\\.)*')*?\}",FALSE,,,,T1#D2#T3#C4#L2#C3,,,,,,,,,,,
CVE,((?:^|\r?\n|\r)[\t ]*)[%.#][\w\-#.]*[\w\-](?:\([^)]+\)|\{(?:\{[^}]+\}|[^}])+\}|\[[^\]]+\])*[\/<>]*,FALSE,,,,T1#D2#T3#C4#L2#C3,,,,,,,,,,,
CVE,(^|[^#])\{(?:\{[^}]+\}|[^}])+\},TRUE,EXPONENT,EOD_i,"{�""+""{{�}""*32+""!}!}!}!}",T1#D2#T3#L2#C3,,,,,,,,,,,
CVE,"""(?:[^\\$""]|\\[\s\S]|\$(?:(?="")|\$+|[^""${])|\$\{(?:[^{}""]|""(?:[^\\""]|\\[\s\S])*"")*\})*""",TRUE,EXPONENT,EOA_i1,"""""+""$$""*16+""@",T1#D2#T3#C4#L2#C3,,,,,,,,,,,
CVE,"([""'])(?:(?!\1)[^\\\r\n]|\\z(?:\r\n|\s)|\\(?:\r\n|[\s\S]))*\1|\[(=*)\[[\s\S]*?\]\2\]",TRUE,EXPONENT,EOD_i,"""""+""\\z\t""*32+""",T1#D2#T3#C4#L2#C3,,,,,,,,,,,
CVE,"(^|[[{(=:,\s])(?:[^#""\',:=[\]{}()\s`-]|[:-][^""\',=[\]{}()\s])(?:[^,:=\]})(\s]+|:(?![\s,\]})]|$)|[ \t]+[^#,:=\]})(\s])*",FALSE,,,,T1#D2#T3#C4#L2#C3,,,,,,,,,,,
CVE,(^|(?:^|(?!'').)[^\\])\$\{(?:[^}]|\{[^}]*\})*},TRUE,EXPONENT,EOD_i,"${""+""{{}""*32+""''",T1#D2#T3#L2#C3,,,,,,,,,,,
CVE,\b0b[01]+\b|\b0x[\da-f]+\b|(?:\b\d+(?:_\d+)*\.?(?:\d+(?:_\d+)*)*|\B\.\d+)(?:e[+-]?\d+)?,TRUE,EXPONENT,NQ,"00""+""0""*32+"" ",T1#D2#T3#C4#L2#C3#L3,,,,,,,,,,,
CVE,"(@\(""([^""\r\n\/):]+)""(?:\/[nrts$uL]*)?\).*(?:\r?\n|\r))(?:.*(?:\r?\n|\r))*?[ \t]*\|?[ \t]*-?[ \t]*\2",TRUE,EXPONENT,EOD_i,"@(""�"")\n\r""+""\r\n""*32+""@",T1#D2#T3#C4#L2#C3#L3#C2,,,,,,,,C2,,,
CVE,"(@\(([^""\r\n\/):]+)(?:\/[nrts$uL]*)?\).*(?:\r?\n|\r))(?:.*(?:\r?\n|\r))*?[ \t]*\|?[ \t]*-?[ \t]*\2",TRUE,EXPONENT,EOD_i,"@(A)\n""+""\r\n""*32+""@",T1#D2#T3#C4#L2#C3#L3#C2,,,,,,,,C2,,,
CVE,"([""'])(?:\$\{(?:[^'""}]|([""'])(?:(?!\2)[^\\]|\\[\s\S])*\2)+\}|(?!\1)[^\\]|\\[\s\S])*\1",TRUE,EXPONENT,EOD_i,"""""+""${\\}""*32+""",T1#D2#T3#C4#L2#C3#L3#C2,,,,,,,,C2,,,
CVE,(^|\r?\n|\r)\/[\t ]*(?:(?:\r?\n|\r)(?:.*(?:\r?\n|\r))*?(?:\\(?=[\t ]*(?:\r?\n|\r))|$)|\S.*),TRUE,EXPONENT,EOD_i,"/\n""+""\r\n""*32+"" ",T1#D2#T3#C4#L2#C3#C2,,,,,,,,,,,
CVE,(\s*)(?:\+[=-]+)+\+(?:\r?\n|\r)(?:\1(?:[+|].+)+[+|](?:\r?\n|\r))+\1(?:\+[=-]+)+\+,TRUE,EXPONENT,EOA_i3,"+-+\n+�""+""+""*32+""!",T1#D2#T3#C4#L2#C3#L3#C2,,,,,,,,C2,,,
CVE,(\s*)(?:=+ +)+=+(?:(?:\r?\n|\r)\1.+)+(?:\r?\n|\r)\1(?:=+ +)+=+(?=(?:\r?\n|\r){2}|\s*$),TRUE,EXPONENT,EOA_i1,"= =\n�""+""\r\t\t\t\t\t ""*1024+""!",T1#D2#T3#C4#L2#C3#L3,,,,,,,,,,,
CVE,"(""|')(?:#\{[^}]+\}|\\(?:\r\n|[\s\S])|(?!\1)[^\\\r\n])*\1",TRUE,EXPONENT,EOD_i,"""""+""#{\\}""*32+""@",T1#D2#T3#C4#L2#C3#L3#C2,,,,,,,,C2,,,
CVE,"([ \t]*)\S(?:,?[^,\r\n]+)*(?:,(?:\r?\n|\r)\1[ \t]+\S(?:,?[^,\r\n]+)*)*",TRUE,EXPONENT,NQ,"��""+""�""*32+""\rA\r",T1#D2#T3#C4#L2#C3#L3#C2,,,,,,,,C2,,,
CVE,(?:[\w-]|\$[-\w]+|#\{\$[-\w]+\})+(?=\s*:),TRUE,EXPONENT,EOD_ii1,"""+""$--""*32+""�",T1#D2#T3#C4#L2#L3#C2,,,,,,,,,,,
CVE,"([""'])(?:\\[\s\S]|\$\([^)]+\)|`[^`]+`|(?!\1)[^\\])*\1",FALSE,,,,T1#D2#T3#C4#L2#C3#L3#C2,,,,,,,,C2,,,
CVE,"(^[ \t]*)(?:(?=\S)(?:[^{}\r\n:()]|::?[\w-]+(?:\([^)\r\n]*\))?|\{[^}\r\n]+\})+)(?:(?:\r?\n|\r)(?:\1(?:(?=\S)(?:[^{}\r\n:()]|::?[\w-]+(?:\([^)\r\n]*\))?|\{[^}\r\n]+\})+)))*(?:,$|\{|(?=(?:\r?\n|\r)(?:\{|\1[ \t]+)))",FALSE,,,,T1#D2#T3#C4#L2#C3#L3#C2,,,,,,,,C2,,,
CVE,"(""|')(?:\\(?:\((?:[^()]|\([^)]+\))+\)|\r\n|[\s\S])|(?!\1)[^\\\r\n])*\1",FALSE,,,,T1#D2#T3#C4#L2#C3#L3#C2,,,,,,,,C2,,,
CVE,(^[^\S\r\n]*)---(?:\r\n?|\n)(?:.*(?:\r\n?|\n))*?[^\S\r\n]*\.\.\.$,TRUE,EXPONENT,EOD_ii2,"---\r""+""\r\n""*32+"" ",T1#D2#T3#C4#L2#C3#C2,,,,,,,,,,,
CVE,"\$F:[-\w.]+\?[-\w.]+(?:,(?:\|?(?:[-#.^+*~]*(?:[\w+][^$]*)|=(?:[\S+][^$]*)|@[-#]*(?:\w+.)[\w+.]+)?)*)?\$",FALSE,,,,T1#D2#T3#C4#L2#C3#L3#C2,,,,,,,,C2,,,
CVE,"\$XF:{[-\w.]+\?[-\w.]+(?:,(?:\|?(?:[-#.^+*~]*(?:[\w+][^$]*)|=(?:[\S+][^$]*)|@[-#]*(?:\w+.)[\w+.]+)?)*)?}:XF\$",TRUE,EXPONENT,SLQ2,"""+""=$XF:{-?-,""*510+""}",T1#D2#T3#C4#L2#C3#L3#C2,,,,,,,,C2,,,
CVE,((?:^|\r?\n|\r)[ \t]*)(?:Ability|Ahoy matey!|Arwedd|Aspekt|Besigheid Behoefte|Business Need|Caracteristica|Característica|Egenskab|Egenskap|Eiginleiki|Feature|Fīča|Fitur|Fonctionnalité|Fonksyonalite|Funcionalidade|Funcionalitat|Functionalitate|Funcţionalitate|Funcționalitate|Functionaliteit|Fungsi|Funkcia|Funkcija|Funkcionalitāte|Funkcionalnost|Funkcja|Funksie|Funktionalität|Funktionalitéit|Funzionalità|Hwaet|Hwæt|Jellemző|Karakteristik|laH|Lastnost|Mak|Mogucnost|Mogućnost|Moznosti|Možnosti|OH HAI|Omadus|Ominaisuus|Osobina|Özellik|perbogh|poQbogh malja'|Potrzeba biznesowa|Požadavek|Požiadavka|Pretty much|Qap|Qu'meH 'ut|Savybė|Tính năng|Trajto|Vermoë|Vlastnosť|Właściwość|Značilnost|Δυνατότητα|Λειτουργία|Могућност|Мөмкинлек|Особина|Свойство|Үзенчәлеклелек|Функционал|Функционалност|Функция|Функціонал|תכונה|خاصية|خصوصیت|صلاحیت|کاروبار کی ضرورت|وِیژگی|रूप लेख|ਖਾਸੀਅਤ|ਨਕਸ਼ ਨੁਹਾਰ|ਮੁਹਾਂਦਰਾ|గుణము|ಹೆಚ್ಚಳ|ความต้องการทางธุรกิจ|ความสามารถ|โครงหลัก|기능|フィーチャ|功能|機能):(?:[^:]+(?:\r?\n|\r|$))*,TRUE,EXPONENT,NQ,"功能:�""+""\n\r\n""*16+""A:!:A:!:",T1#D2#T3#C4#L2#C3#L3#C2#C5,,,,,,,,C2,C5,,
CVE,^([+-]?[0-9]*[.]?[0-9]+(px|cm|mm|in|pc|pt|ch|em|ex|rem|vh|vw|vmin|vmax)|0)$,TRUE,POLYNOMIAL,POA,"0""+""0""*5000+""",C2#C1#L2#L3#T1#D2,,,,,,,,,,,
CVE,^[+-]?[0-9]*[.]?[0-9]+%$,TRUE,POLYNOMIAL,POA,"0""+""0""*10000+""",C2#C1#L2#L3#T1#D2,,,,,,,,,,,
CVE,[\d.]+[\w%]+,TRUE,POLYNOMIAL,POA,"""+""00""*10000+"" ",C4#L3#T1,,,,,,,,,,,
CVE,"(?![-_])(?:[-\w\u00a1-\uffff]{0,63}[^-_]\.)+(?:[a-z\u00a1-\uffff]{2,})",FALSE,,,,D2#C2#C3#C1#C4#L1#L3#T1#T3,,,,,,,,T1,T3,,
CVE,"^(?:http(s)?:\/\/)?[\w.-]+(?:\.[\w.-]+)+[\w\-._~:/?#[\]@!$&'()*+,;=%]+$",FALSE,,,,D2#C2#C4#L3#T1#T3,,,,,,,,,,,
CVE,mso-level-number-format:([^;]*);,TRUE,POLYNOMIAL,SLQ2,"""+""mso-level-number-format:""*5000+""�",T1#C3#L2,,,,,,,,,,,
CVE,"(<span\s+style=['""]mso-spacerun:yes['""]>[\s]*?)[\r\n]+(\s*<\/span>)",TRUE,POLYNOMIAL,POA,"<span\tstyle=""mso-spacerun:yes""> ""+""\n""*5000+""@",T1#C2#C4#L3#L2#T3,,,,,,,,,,,
CVE,>(\s*[\r\n]\s*)<,TRUE,POLYNOMIAL,POA,"> ""+""\n""*10000+""@",C4#L2#C2#T3,,,,,,,,,,,
CVE,^\d+\.?\d*%$,TRUE,POLYNOMIAL,POA,"0""+""0""*10000+""",C4#L3#D2#T3#T1#L2,,,,,,,,,,,
CVE,AppleWebKit/\d+\.\d+.* Safari.* (CreativeCloud)/(\d+)\.(\d+).(\d+),TRUE,POLYNOMIAL,POA,"AppleWebKit/0.0""+""0""*10000+""@",T1#C4#L3#L2#T3,,,,,,,,,,,
CVE,Google.*/\+/web/snippet,TRUE,POLYNOMIAL,SLQ2,"""+""Google""*5000+""�",T1#C4#L2#T3,,,,,,,,,,,
CVE,(MSIE) (\d+)\.(\d+)([a-z]\d|[a-z]|);.* MSIECrawler,TRUE,POLYNOMIAL,SLQ2,"""+""MSIE 0.0;""*5000+"" ",T1#C4#L2#T3#L3#C1,,,,,,,,,,,
CVE,\[FB.*;(FBAV)/(\d+)(?:\.(\d+)|)(?:\.(\d+)|),TRUE,POLYNOMIAL,SLQ2,"""+""[FB""*10000+""�",C4#T3#L2#L3#D2#T1,,,,,,,,,,,
CVE,\[FB.*;,TRUE,POLYNOMIAL,SLQ2,"""+""[FB""*10000+""�",T3#T1#C4#L2,,,,,,,,,,,
CVE,\[(Pinterest)/[^\]]+\],TRUE,POLYNOMIAL,SLQ2,"""+""[Pinterest/""*5000+""�",T3#T1#C4#L3#C3,,,,,,,,,,,
CVE,Mozilla.*Mobile.*(Instagram).(\d+)\.(\d+)\.(\d+),TRUE,POLYNOMIAL,POA,"Mozilla""+""Mobile""*5000+""@",T1#L2#L3#C4#T3,,,,,,,,,,,
CVE,Mozilla.*Mobile.*(Flipboard).(\d+)\.(\d+)\.(\d+),TRUE,POLYNOMIAL,POA,"Mozilla""+""Mobile""*5000+""@",T1#L2#L3#C4#T3,,,,,,,,,,,
CVE,Mozilla.*Mobile.*(Flipboard-Briefing).(\d+)\.(\d+)\.(\d+),TRUE,POLYNOMIAL,POA,"Mozilla""+""Mobile""*5000+""@",T1#L2#L3#C4#T3,,,,,,,,,,,
CVE,Mozilla.*Mobile.*(Onefootball)\/Android.(\d+)\.(\d+)\.(\d+),TRUE,POLYNOMIAL,POA,"Mozilla""+""Mobile""*5000+""@",T1#L2#L3#C4#T3,,,,,,,,,,,
CVE,Mozilla.*Mobile.*AspiegelBot,TRUE,POLYNOMIAL,POA,"Mozilla""+""Mobile""*5000+""@",T1#L2#C4,,,,,,,,,,,
CVE,(?:Mobile|Tablet);.*(Firefox)/(\d+)\.(\d+),TRUE,POLYNOMIAL,SLQ2,"""+""Mobile;""*5000+""�",D2#T1#C4#L2#T3#L3,,,,,,,,,,,
CVE,(Firefox).*Tablet browser (\d+)\.(\d+)\.(\d+),TRUE,POLYNOMIAL,SLQ2,"""+""Firefox""*5000+""T",T1#L2#L3#C4#T3,,,,,,,,,,,
CVE,(Opera Tablet).*Version/(\d+)\.(\d+)(?:\.(\d+)|),TRUE,POLYNOMIAL,SLQ2,"""+""Opera Tablet""*5000+""�",D2#T1#C4#L2#T3#L3,,,,,,,,,,,
CVE,(Opera)/.+Opera Mobi.+Version/(\d+)\.(\d+),TRUE,POLYNOMIAL,POA,"Opera/""+""�Opera Mobi�""*5000+""@",T1#L2#L3#C4#T3,,,,,,,,,,,
CVE,(Opera)/(\d+)\.(\d+).+Opera Mobi,TRUE,POLYNOMIAL,POA,"Opera/0.0""+""00""*5000+""@",T1#L2#L3#C4#T3,,,,,,,,,,,
CVE,Opera Mobi.+(Opera)(?:/|\s+)(\d+)\.(\d+),TRUE,POLYNOMIAL,SLQ2,"""+""Opera Mobi""*5000+""�",D2#T1#C4#L2#T3#L3,,,,,,,,,,,
CVE,(Opera)/9.80.*Version/(\d+)\.(\d+)(?:\.(\d+)|),TRUE,POLYNOMIAL,SLQ2,"""+""Opera/9�80""*5000+""�",T1#L2#L3#C4#T3,,,,,,,,,,,
CVE,(?:Mobile Safari).*(OPR)/(\d+)\.(\d+)\.(\d+),TRUE,POLYNOMIAL,SLQ2,"""+""Mobile Safari""*5000+""�",D2#T1#C4#L2#T3#L3,,,,,,,,,,,
CVE,(?:Chrome).*(OPR)/(\d+)\.(\d+)\.(\d+),TRUE,POLYNOMIAL,SLQ2,"""+""Chrome""*5000+""�",D2#T1#C4#L2#T3#L3,,,,,,,,,,,
CVE,Chrome/.+( MMS)/(\d+).(\d+).(\d+),TRUE,POLYNOMIAL,POA,"Chrome/1 MMS/""+""000""*5000+""@",T1#L2#L3#C4#T3,,,,,,,,,,,
CVE,PLAYSTATION 3.+WebKit,TRUE,POLYNOMIAL,SLQ2,"""+""PLAYSTATION 3""*5000+""�",T1#C4#L3,,,,,,,,,,,
CVE,AppleWebKit.+ (NX)/(\d+)\.(\d+)\.(\d+),TRUE,POLYNOMIAL,SLQ2,"""+""AppleWebKit""*5000+"" ",T1#L3#C4#T3,,,,,,,,,,,
CVE,Windows Phone .*(Edge)/(\d+)\.(\d+),TRUE,POLYNOMIAL,SLQ2,"""+""Windows Phone ""*5000+""E",T1#L2#L3#C4#T3,,,,,,,,,,,
CVE,Mozilla.+Android.+(GSA)/(\d+)\.(\d+)\.(\d+),TRUE,POLYNOMIAL,POA,"Mozilla""+""�Android�""*5000+""@",T1#L2#L3#C4#T3,,,,,,,,,,,
CVE,Mobile.*(DuckDuckGo)/(\d+),TRUE,POLYNOMIAL,SLQ2,"""+""Mobile""*5000+""�",T1#L2#L3#C4,,,,,,,,,,,
CVE,Version/.+(Chrome)/(\d+)\.(\d+)\.(\d+)\.(\d+),TRUE,POLYNOMIAL,SLQ2,"""+""Version/""*5000+""�",T1#L3#C4#T3,,,,,,,,,,,
CVE,; wv\).+(Chrome)/(\d+)\.(\d+)\.(\d+)\.(\d+),TRUE,POLYNOMIAL,SLQ2,"""+""; wv)""*5000+""�",T1#L3#C4#T3,,,,,,,,,,,
CVE,Mobile .*(Chrome)/(\d+)\.(\d+)\.(\d+)\.(\d+),TRUE,POLYNOMIAL,SLQ2,"""+""Mobile ""*5000+""�",T1#L2#L3#C4#T3,,,,,,,,,,,
CVE,(Chrome)/(\d+)\.(\d+)\.(\d+).* MRCHROME,TRUE,POLYNOMIAL,POA,"Chrome/0.0.0""+""0""*10000+""@",T1#L2#L3#C4#T3,,,,,,,,,,,
CVE,(Chrome)/(\d+)\.(\d+)\.(\d+)[\d.]* Iron[^/],TRUE,POLYNOMIAL,POA,"Chrome/0.0.0""+""0""*10000+""@",T1#L2#L3#C4#T3#C3,,,,,,,,,,,
CVE,^(foobar)\S+/([^.\s]+)\.([^.\s]+|)\.?([^.\s]+|),TRUE,POLYNOMIAL,POA,"foobar""+""�/�""*5000+""@",T1#L3#C4#T3#C3,,,,,,,,,,,
CVE,^(Clementine)\S+ ([^.\s]+)\.([^.\s]+|)\.?([^.\s]+|),TRUE,POLYNOMIAL,POA,"ClementineA A.""+""��""*5000+"" ",T1#L3#C4#T3#C3,,,,,,,,,,,
CVE,(amarok)/([^.\s]+)\.([^.\s]+|)\.?([^.\s]+|),TRUE,POLYNOMIAL,POA,"amarok/A.""+""��""*5000+"" ",T1#L3#C4#T3#C3,,,,,,,,,,,
CVE,(MSIE) (\d+)\.(\d+).*XBLWP7,TRUE,POLYNOMIAL,POA,"MSIE 0.0""+""0""*10000+""@",T1#L2#L3#C4#T3,,,,,,,,,,,
CVE,(iPod|iPhone|iPad).+GSA/(\d+)\.(\d+)\.(\d+)(?:\.(\d+)|) Mobile,TRUE,POLYNOMIAL,SLQ2,"""+""iPad""*10000+""�",T1#C4#T3#L3,,,,,,,,,,,
CVE,(iPod|iPhone|iPad).+Version/(\d+)\.(\d+)(?:\.(\d+)|).*[ +]Safari,TRUE,POLYNOMIAL,POA,"iPad�""+""�Version/0.0""*5000+""@",D2#T1#C4#L2#T3#L3,,,,,,,,,,,
CVE,(iPod|iPod touch|iPhone|iPad);.*CPU.*OS[ +](\d+)_(\d+)(?:_(\d+)|).* AppleNews\/\d+\.\d+\.\d+?,TRUE,POLYNOMIAL,POA,"iPod;""+""CPU""*5000+""@",D2#T1#C4#L2#T3#L3,,,,,,,,,,,
CVE,(iPod|iPhone|iPad).+Version/(\d+)\.(\d+)(?:\.(\d+)|),TRUE,POLYNOMIAL,SLQ2,"""+""iPod""*10000+""�",D2#T1#C4#T3#L3,,,,,,,,,,,
CVE,(iPod|iPod touch|iPhone|iPad).* Safari,TRUE,POLYNOMIAL,SLQ2,"""+""iPad""*10000+"" ",T1#C4#L2,,,,,,,,,,,
CVE,(PlayBook).+RIM Tablet OS (\d+)\.(\d+)\.(\d+),TRUE,POLYNOMIAL,SLQ2,"""+""PlayBook""*5000+""�",T1#C4#L3#T3,,,,,,,,,,,
CVE,(Black[bB]erry|BB10).+Version/(\d+)\.(\d+)\.(\d+),TRUE,POLYNOMIAL,SLQ2,"""+""BB10""*10000+""�",T1#C4#L3#T3,,,,,,,,,,,
CVE,(AppleWebKit)/(\d+)(?:\.(\d+)|)\+ .* Safari,TRUE,POLYNOMIAL,SLQ2,"""+""AppleWebKit/0+ ""*5000+"" ",D2#T1#C4#L2#T3#L3,,,,,,,,,,,
CVE,(Version)/(\d+)\.(\d+)(?:\.(\d+)|).*Safari/,TRUE,POLYNOMIAL,POA,"Version/0.0""+""0""*10000+""@",D2#T1#C4#L2#T3#L3,,,,,,,,,,,
CVE,HbbTV/\d+\.\d+\.\d+ \(;(Samsung);SmartTV([0-9]{4});.*FXPDEUC,TRUE,POLYNOMIAL,SLQ2,"""+""HbbTV/0.0.0 (;Samsung;SmartTV0000;""*5000+""�",C1#C4#T1#T3#S1#L2#L3,,,,,,,,,,,
CVE,HbbTV/\d+\.\d+\.\d+ \(;(Samsung);SmartTV([0-9]{4});.*MST12DEUC,TRUE,POLYNOMIAL,SLQ2,"""+""HbbTV/0.0.0 (;Samsung;SmartTV0000;""*5000+""M",C1#C4#T1#T3#S1#L2#L3,,,,,,,,,,,
CVE,HbbTV/1\.1\.1 \(; (Philips);.*NETTV/4,TRUE,POLYNOMIAL,SLQ2,"""+""HbbTV/1.1.1 (; Philips;""*5000+""N",T1#T3#C4#L2,,,,,,,,,,,
CVE,HbbTV/1\.1\.1 \(; (Philips);.*NETTV/3,TRUE,POLYNOMIAL,SLQ2,"""+""HbbTV/1.1.1 (; Philips;""*5000+""N",T1#T3#C4#L2,,,,,,,,,,,
CVE,HbbTV/1\.1\.1 \(; (Philips);.*NETTV/2,TRUE,POLYNOMIAL,SLQ2,"""+""HbbTV/1.1.1 (; Philips;""*5000+""N",T1#T3#C4#L2,,,,,,,,,,,
CVE,HbbTV/\d+\.\d+\.\d+.*(firetv)-firefox-plugin (\d+).(\d+).(\d+),TRUE,POLYNOMIAL,POA,"HbbTV/0.0.0""+""0""*10000+""@",T1#T3#C4#L2#L3,,,,,,,,,,,
CVE,HbbTV/\d+\.\d+\.\d+ \(.*; ?([a-zA-Z]+) ?;.*(201[1-9]).*\),TRUE,POLYNOMIAL,POA,"HbbTV/0.0.0 ( ""+"";A""*10000+""@",T1#T3#C4#L2#L3#C1#D2,,,,,,,,,,,
CVE,(CPU[ +]OS|iPhone[ +]OS|CPU[ +]iPhone)[ +]+(\d+)[_\.](\d+)(?:[_\.](\d+)|).*Outlook-iOS-Android,TRUE,POLYNOMIAL,POA,"CPU OS 0.0""+""0""*10000+""@",T1#C2#L3#C4#L2#T3,,,,,,,,,,,
CVE,ArcGIS\.?(iOS|Android)-\d+\.\d+(?:\.\d+|)(?:[^\/]+|)\/(\d+)(?:\.(\d+)(?:\.(\d+)|)|),TRUE,POLYNOMIAL,POA,"ArcGISiOS-1.""+""00""*5000+""@",T1#T3#C4#L3#D2,,,,,,,,,,,
CVE,(x86_64|aarch64)\ (\d+)\.(\d+)\.(\d+).*Chrome.*(?:CitrixChromeApp)$,TRUE,POLYNOMIAL,POA,"x86_64 0.0.0""+""0""*10000+""@",T1#T3#C4#L2#L3#D2,,,,,,,,,,,
CVE,\w+\s+Mac OS X\s+\w+\s+(\d+).(\d+).(\d+).*,TRUE,POLYNOMIAL,POA,"0\tMac OS X\t0\t0""+""000""*5000+""\n1\n",T1#T3#C4#L2#L3,,,,,,,,,,,
CVE,(Dar)(win)/(9).(\d+).*\((?:i386|x86_64|Power Macintosh)\),TRUE,POLYNOMIAL,POA,"Darwin/91""+""0""*10000+""@",T1#C4#L2#L3#D2#T3,,,,,,,,,,,
CVE,(Dar)(win)/(10).(\d+).*\((?:i386|x86_64)\),TRUE,POLYNOMIAL,POA,"Darwin/101""+""0""*10000+""@",T1#C4#L2#L3#D2#T3,,,,,,,,,,,
CVE,(Dar)(win)/(11).(\d+).*\((?:i386|x86_64)\),TRUE,POLYNOMIAL,POA,"Darwin/11�0""+""0""*10000+""@",T1#C4#L2#L3#D2#T3,,,,,,,,,,,
CVE,(Dar)(win)/(12).(\d+).*\((?:i386|x86_64)\),TRUE,POLYNOMIAL,POA,"Darwin/12�0""+""0""*10000+""@",T1#C4#L2#L3#D2#T3,,,,,,,,,,,
CVE,(Dar)(win)/(13).(\d+).*\((?:i386|x86_64)\),TRUE,POLYNOMIAL,POA,"Darwin/13�0""+""0""*10000+""@",T1#C4#L2#L3#D2#T3,,,,,,,,,,,
CVE,(iPhone|iPad|iPod).*Mac OS X.*Version/(\d+)\.(\d+),TRUE,POLYNOMIAL,POA,"iPhone""+""Mac OS X""*5000+""@",T1#C4#L2#L3#T3,,,,,,,,,,,
CVE,(CFNetwork)/(5)48\.0\.3.* Darwin/11\.0\.0,TRUE,POLYNOMIAL,SLQ2,"""+""CFNetwork/548.0.3""*5000+"" ",T1#C4#L2#T3,,,,,,,,,,,
CVE,(CFNetwork)/(5)48\.(0)\.4.* Darwin/(1)1\.0\.0,TRUE,POLYNOMIAL,SLQ2,"""+""CFNetwork/548.0.4""*5000+"" ",T1#C4#L2#T3,,,,,,,,,,,
CVE,CFNetwork/7.* Darwin/15\.4\.\d+,TRUE,POLYNOMIAL,SLQ2,"""+""CFNetwork/7""*5000+"" ",T1#C4#L2#L3#T3,,,,,,,,,,,
CVE,CFNetwork/7.* Darwin/15\.5\.\d+,TRUE,POLYNOMIAL,SLQ2,"""+""CFNetwork/7""*5000+"" ",T1#C4#L2#L3#T3,,,,,,,,,,,
CVE,CFNetwork/7.* Darwin/15\.6\.\d+,TRUE,POLYNOMIAL,SLQ2,"""+""CFNetwork/7""*5000+"" ",T1#C4#L2#L3#T3,,,,,,,,,,,
CVE,CFNetwork/.* Darwin/17\.\d+.*\(x86_64\),TRUE,POLYNOMIAL,POA,"CFNetwork/""+"" Darwin/17.0""*5000+""@",T1#C4#L2#L3#T3,,,,,,,,,,,
CVE,CFNetwork/.* Darwin/16\.\d+.*\(x86_64\),TRUE,POLYNOMIAL,POA,"CFNetwork/""+"" Darwin/16.0""*5000+""@",T1#C4#L2#L3#T3,,,,,,,,,,,
CVE,CFNetwork/8.* Darwin/15\.\d+.*\(x86_64\),TRUE,POLYNOMIAL,POA,"CFNetwork/8""+"" Darwin/15.0""*5000+""@",T1#C4#L2#L3#T3,,,,,,,,,,,
CVE,CFNetwork/.* Darwin/(9)\.\d+,TRUE,POLYNOMIAL,SLQ2,"""+""CFNetwork/""*5000+"" ",T1#C4#L2#L3#T3,,,,,,,,,,,
CVE,CFNetwork/.* Darwin/(10)\.\d+,TRUE,POLYNOMIAL,SLQ2,"""+""CFNetwork/""*5000+"" ",T1#C4#L2#L3#T3,,,,,,,,,,,
CVE,CFNetwork/.* Darwin/(11)\.\d+,TRUE,POLYNOMIAL,SLQ2,"""+""CFNetwork/""*5000+"" ",T1#C4#L2#L3#T3,,,,,,,,,,,
CVE,CFNetwork/.* Darwin/(13)\.\d+,TRUE,POLYNOMIAL,SLQ2,"""+""CFNetwork/""*5000+"" ",T1#C4#L2#L3#T3,,,,,,,,,,,
CVE,CFNetwork/6.* Darwin/(14)\.\d+,TRUE,POLYNOMIAL,SLQ2,"""+""CFNetwork/6""*5000+"" ",T1#C4#L2#L3#T3,,,,,,,,,,,
CVE,CFNetwork/7.* Darwin/(14)\.\d+,TRUE,POLYNOMIAL,SLQ2,"""+""CFNetwork/7""*5000+"" ",T1#C4#L2#L3#T3,,,,,,,,,,,
CVE,CFNetwork/7.* Darwin/(15)\.\d+,TRUE,POLYNOMIAL,SLQ2,"""+""CFNetwork/7""*5000+"" ",T1#C4#L2#L3#T3,,,,,,,,,,,
CVE,CFNetwork/8.* Darwin/16\.5\.\d+,TRUE,POLYNOMIAL,SLQ2,"""+""CFNetwork/8""*5000+"" ",T1#C4#L2#L3#T3,,,,,,,,,,,
CVE,CFNetwork/8.* Darwin/16\.6\.\d+,TRUE,POLYNOMIAL,SLQ2,"""+""CFNetwork/8""*5000+"" ",T1#C4#L2#L3#T3,,,,,,,,,,,
CVE,CFNetwork/8.* Darwin/16\.7\.\d+,TRUE,POLYNOMIAL,SLQ2,"""+""CFNetwork/8""*5000+"" ",T1#C4#L2#L3#T3,,,,,,,,,,,
CVE,CFNetwork/8.* Darwin/(16)\.\d+,TRUE,POLYNOMIAL,SLQ2,"""+""CFNetwork/8""*5000+"" ",T1#C4#L2#L3#T3,,,,,,,,,,,
CVE,CFNetwork/8.* Darwin/17\.0\.\d+,TRUE,POLYNOMIAL,SLQ2,"""+""CFNetwork/8""*5000+"" ",T1#C4#L2#L3#T3,,,,,,,,,,,
CVE,CFNetwork/8.* Darwin/17\.2\.\d+,TRUE,POLYNOMIAL,SLQ2,"""+""CFNetwork/8""*5000+"" ",T1#C4#L2#L3#T3,,,,,,,,,,,
CVE,CFNetwork/8.* Darwin/17\.3\.\d+,TRUE,POLYNOMIAL,SLQ2,"""+""CFNetwork/8""*5000+"" ",T1#C4#L2#L3#T3,,,,,,,,,,,
CVE,CFNetwork/8.* Darwin/17\.4\.\d+,TRUE,POLYNOMIAL,SLQ2,"""+""CFNetwork/8""*5000+"" ",T1#C4#L2#L3#T3,,,,,,,,,,,
CVE,CFNetwork/8.* Darwin/17\.5\.\d+,TRUE,POLYNOMIAL,SLQ2,"""+""CFNetwork/8""*5000+"" ",T1#C4#L2#L3#T3,,,,,,,,,,,
CVE,CFNetwork/9.* Darwin/17\.6\.\d+,TRUE,POLYNOMIAL,SLQ2,"""+""CFNetwork/9""*5000+"" ",T1#C4#L2#L3#T3,,,,,,,,,,,
CVE,CFNetwork/9.* Darwin/17\.7\.\d+,TRUE,POLYNOMIAL,SLQ2,"""+""CFNetwork/9""*5000+"" ",T1#C4#L2#L3#T3,,,,,,,,,,,
CVE,CFNetwork/8.* Darwin/(17)\.\d+,TRUE,POLYNOMIAL,SLQ2,"""+""CFNetwork/8""*5000+"" ",T1#C4#L2#L3#T3,,,,,,,,,,,
CVE,CFNetwork/9.* Darwin/18\.0\.\d+,TRUE,POLYNOMIAL,SLQ2,"""+""CFNetwork/9""*5000+"" ",T1#C4#L2#L3#T3,,,,,,,,,,,
CVE,CFNetwork/9.* Darwin/(18)\.\d+,TRUE,POLYNOMIAL,SLQ2,"""+""CFNetwork/9""*5000+"" ",T1#C4#L2#L3#T3,,,,,,,,,,,
CVE,CFNetwork/.* Darwin/,TRUE,POLYNOMIAL,SLQ2,"""+""CFNetwork/""*5000+"" ",T1#C4#L3#T3,,,,,,,,,,,
CVE,(Symbian/3).+NokiaBrowser/7\.3,TRUE,POLYNOMIAL,SLQ2,"""+""Symbian/3""*5000+""N",T1#C4#L3#T3,,,,,,,,,,,
CVE,(Symbian/3).+NokiaBrowser/7\.4,TRUE,POLYNOMIAL,SLQ2,"""+""Symbian/3""*5000+""N",T1#C4#L3#T3,,,,,,,,,,,
CVE,(BB10);.+Version/(\d+)\.(\d+)\.(\d+),TRUE,POLYNOMIAL,SLQ2,"""+""BB10;""*10000+""�",T1#C4#L3#T3,,,,,,,,,,,
CVE,(Black[Bb]erry).+Version/(\d+)\.(\d+)\.(\d+)(?:\.(\d+)|),TRUE,POLYNOMIAL,SLQ2,"""+""BlackBerry""*5000+""�",T1#C4#L3#T3#D2,,,,,,,,,,,
CVE,\((?:Mobile|Tablet);.+Gecko/18.0 Firefox/\d+\.\d+,TRUE,POLYNOMIAL,SLQ2,"""+""(Mobile;""*5000+""�",T1#C4#L3#T3#D2,,,,,,,,,,,
CVE,\((?:Mobile|Tablet);.+Gecko/18.1 Firefox/\d+\.\d+,TRUE,POLYNOMIAL,SLQ2,"""+""(Mobile;""*5000+""�",T1#C4#L3#T3#D2,,,,,,,,,,,
CVE,\((?:Mobile|Tablet);.+Gecko/26.0 Firefox/\d+\.\d+,TRUE,POLYNOMIAL,SLQ2,"""+""(Mobile;""*5000+""�",T1#C4#L3#T3#D2,,,,,,,,,,,
CVE,\((?:Mobile|Tablet);.+Gecko/28.0 Firefox/\d+\.\d+,TRUE,POLYNOMIAL,SLQ2,"""+""(Mobile;""*5000+""�",T1#C4#L3#T3#D2,,,,,,,,,,,
CVE,\((?:Mobile|Tablet);.+Gecko/30.0 Firefox/\d+\.\d+,TRUE,POLYNOMIAL,SLQ2,"""+""(Mobile;""*5000+""�",T1#C4#L3#T3#D2,,,,,,,,,,,
CVE,\((?:Mobile|Tablet);.+Gecko/32.0 Firefox/\d+\.\d+,TRUE,POLYNOMIAL,SLQ2,"""+""(Mobile;""*5000+""�",T1#C4#L3#T3#D2,,,,,,,,,,,
CVE,\((?:Mobile|Tablet);.+Gecko/34.0 Firefox/\d+\.\d+,TRUE,POLYNOMIAL,SLQ2,"""+""(Mobile;""*5000+""�",T1#C4#L3#T3#D2,,,,,,,,,,,
CVE,\((?:Mobile|Tablet);.+Firefox/\d+\.\d+,TRUE,POLYNOMIAL,SLQ2,"""+""(Mobile;""*5000+""�",T1#C4#L3#T3#D2,,,,,,,,,,,
CVE,(Linux)[ /](\d+)\.(\d+)(?:\.(\d+)|).*gentoo,TRUE,POLYNOMIAL,POA,"Linux/1.""+""0""*10000+""@",T1#C4#L3#T3#D2,,,,,,,,,,,
CVE,(?:(?:iPhone|Windows CE|Windows Phone|Android).*(?:(?:Bot|Yeti)-Mobile|YRSpider|BingPreview|bots?/\d|(?:bot|spider)\.html)|AdsBot-Google-Mobile.*iPhone),TRUE,POLYNOMIAL,SLQ2,"""+""iPhone""*5000+""�",T1#C4#L2#T3#D2,,,,,,,,,,,
CVE,(?:DoCoMo|\bMOT\b|\bLG\b|Nokia|Samsung|SonyEricsson).*(?:(?:Bot|Yeti)-Mobile|bots?/\d|(?:bot|crawler)\.html|(?:jump|google|Wukong)bot|ichiro/mobile|/spider|YahooSeeker),TRUE,POLYNOMIAL,SLQ2,"""+""�LG�MOT�""*5000+""g",T1#C4#L2#T3#D2,,,,,,,,,,,
CVE,PTST/\d+(?:\.)?\d+$,TRUE,POLYNOMIAL,POA,"PTST/""+""00""*5000+""@",T1#C4#L3#T3#D2,,,,,,,,,,,
CVE,Mozilla.*Mobile.*AspiegelBot,TRUE,POLYNOMIAL,POA,"Mozilla""+""Mobile""*5000+""@",T1#C4#L2,,,,,,,,,,,
CVE,Mozilla.*AspiegelBot,TRUE,POLYNOMIAL,SLQ2,"""+""Mozilla""*5000+""�",T1#C4#L2,,,,,,,,,,,
CVE,"\bSmartWatch {0,2}\( {0,2}([^;]+) {0,2}; {0,2}([^;]+) {0,2};",TRUE,POLYNOMIAL,SLQ2,"""+""SmartWatch(""*5000+"" ",T1#D1#T3#C3#L3,,,,,,,,,,,
CVE,Android Application[^\-]+ - (Sony) ?(Ericsson|) (.+) \w+ -,TRUE,POLYNOMIAL,SLQ2,"""+""Android Application""*5000+"" ",T1#T3#C3#C4#L3#D2,,,,,,,,,,,
CVE,Android Application[^\-]+ - (?:HTC|HUAWEI|LGE|LENOVO|MEDION|TCT) (HTC|HUAWEI|LG|LENOVO|MEDION|ALCATEL)[ _\-](.+) \w+ -,TRUE,POLYNOMIAL,SLQ2,"""+""Android Application""*5000+"" ",T1#T3#C3#C4#L3#D2,,,,,,,,,,,
CVE,Android Application[^\-]+ - ([^ ]+) (.+) \w+ -,TRUE,POLYNOMIAL,SLQ2,"""+""Android Application""*5000+"" ",T1#T3#C3#C4#L3,,,,,,,,,,,
CVE,Android [34].*; *(A100|A101|A110|A200|A210|A211|A500|A501|A510|A511|A700(?: Lite| 3G|)|A701|B1-A71|A1-\d{3}|B1-\d{3}|V360|V370|W500|W500P|W501|W501P|W510|W511|W700|Slider SL101|DA22[^;/]+?)(?: Build|\) AppleWebKit),TRUE,POLYNOMIAL,SLQ2,"""+""Android 4""*5000+""�",T1#T3#C2#C4#L2#D2#S1#C3,,,,,,,,C3,,,
CVE,; *(Z1[1235]0|E320[^/]*|S500|S510|Liquid[^;/]*|Iconia A\d+)(?: Build|\) AppleWebKit),TRUE,POLYNOMIAL,SLQ2,"""+"";E320""*5000+"" ",T1#T3#C3#C4#L2#L3#D2,,,,,,,,,,,
CVE,; *(Advent |)(Vega(?:Bean|Comb|)).*?(?: Build|\) AppleWebKit),TRUE,POLYNOMIAL,SLQ2,"""+"";Vega""*5000+"" ",T1#T3#C4#L2#D2,,,,,,,,,,,
CVE,; *AIRIS[ _\-]?([^/;\)]+) *(?:;|\)|Build),TRUE,POLYNOMIAL,POA,";AIRIS�""+"" ""*10000+""@",T1#T3#C4#L2#D2#C3#L3#C2,,,,,,,,C2,,,
CVE,; *(ALLVIEW[ _]?|Allview[ _]?)((?:Speed|SPEED).*?)(?: Build|\) AppleWebKit),TRUE,POLYNOMIAL,SLQ2,"""+"";ALLVIEWSpeed""*5000+"" ",T1#T3#L2#D2#C4,,,,,,,,,,,
CVE,; *(?:ARCHOS|Archos) ?(GAMEPAD.*?)(?: Build|\) AppleWebKit),TRUE,POLYNOMIAL,SLQ2,"""+"";ARCHOSGAMEPAD""*5000+"" ",T1#T3#L2#D2#C4,,,,,,,,,,,
CVE,(?:ARCHOS|Archos)[ _]?(.*?)(?: Build|[;/\(\)\-]|$),TRUE,POLYNOMIAL,SLQ_2,"""+""ARCHOS_""*5000+""\n@A",T1#T3#L2#D2#C2#C4,,,,,,,,,,,
CVE,; *ASUS[ _]*([^;/]+?)(?: Build|\) AppleWebKit),TRUE,POLYNOMIAL,POA,";ASUS""+"" ""*5000+""@",T1#T3#L2#D2#C3#L3,,,,,,,,,,,
CVE,; *(BlackBird)[ _](I8.*?)(?: Build|\) AppleWebKit),TRUE,POLYNOMIAL,SLQ2,"""+"";BlackBird I8""*5000+"" ",T1#T3#L2#D2#C2#C4,,,,,,,,,,,
CVE,; *(BlackBird)[ _](.*?)(?: Build|\) AppleWebKit),TRUE,POLYNOMIAL,SLQ2,"""+"";BlackBird ""*5000+"" ",T1#T3#L2#D2#C2#C4,,,,,,,,,,,
CVE,; *(?:Cat)(Nova.*?)(?: Build|\) AppleWebKit),TRUE,POLYNOMIAL,SLQ2,"""+"";CatNova""*5000+"" ",T1#T3#L2#D2#C2#C4,,,,,,,,,,,
CVE,; *(Excite|ICE)[ _](\d+[^;/]+?)(?: Build|\) AppleWebKit),TRUE,POLYNOMIAL,POA,";ICE 0""+""00""*5000+""@",T1#T3#L2#D2#C2#C4#C3,,,,,,,,,,,
CVE,; *([^;/]*)Coolpad[ _]([^;/]+?)(?: Build|\) AppleWebKit),TRUE,POLYNOMIAL,POA,"; ""+"" ""*10000+""@",T1#T3#L2#D2#C2#C3,,,,,,,,,,,
CVE,; *(CUBE[ _])?([KU][0-9]+ ?GT.*?|A5300)(?: Build|\) AppleWebKit),TRUE,POLYNOMIAL,SLQ2,"""+"";K0GT""*5000+"" ",T1#T3#L2#D2#C2#C4#C1#L3,,,,,,,,L3,,,
CVE,; *(?:Dell|DELL)[ _](Aero|Venue|Thunder|Mini.*?|Streak[ _]Pro)(?: Build|\) AppleWebKit),TRUE,POLYNOMIAL,SLQ2,"""+"";DELL Mini""*5000+"" ",T1#T3#L2#D2#C2#C4,,,,,,,,,,,
CVE,; *[^;/]+ Build/(?:CROSS|Cross)+[ _\-]([^\)]+),FALSE,,,,T1#T3#L2#D2#C2#C3#L3,,,,,,,,,,,
CVE,; *Explay[_ ](.+?)(?:[\)]| Build),TRUE,POLYNOMIAL,SLQ2,"""+"";Explay ""*5000+"" ",T1#T3#L2#D2#C2#C4,,,,,,,,,,,
CVE,; *(IQ.*?)(?: Build|\) AppleWebKit),TRUE,POLYNOMIAL,SLQ2,"""+"";IQ""*5000+"" ",T1#T3#L2#D2#C4,,,,,,,,,,,
CVE,; *(Fly|FLY)[ _](IQ[^;]+?|F[34]\d+[^;]*?);?(?: Build|\) AppleWebKit),TRUE,POLYNOMIAL,POA,";FLY F30""+""0""*5000+""@",T1#T3#L2#D2#C2#C4#C3#L3,,,,,,,,L3,,,
CVE,; *((?:FONE|QUANTUM|INSIGNIA) \d+[^;/]*|PLAYTAB)(?: Build|\) AppleWebKit),TRUE,POLYNOMIAL,POA,";FONE ""+""0""*5000+""@",T1#T3#L2#D2#C4#C3#L3,,,,,,,,,,,
CVE,; *(Pixel.*?)(?: Build|\) AppleWebKit),TRUE,POLYNOMIAL,SLQ2,"""+"";Pixel""*5000+"" ",T1#T3#L2#D2#C4,,,,,,,,,,,
CVE,; *(GSmart)[ -]([^/]+)(?: Build|\) AppleWebKit),TRUE,POLYNOMIAL,SLQ2,"""+"";GSmart ""*5000+"" ",T1#T3#L2#D2#C4#C3#L3#C2,,,,,,,,C2,,,
CVE,; *(imx5[13]_[^/]+)(?: Build|\) AppleWebKit),TRUE,POLYNOMIAL,SLQ2,"""+"";imx51_""*5000+"" ",T1#T3#L2#D2#C4#C3#L3#C2,,,,,,,,C2,,,
CVE,; *Haier[ _\-]([^/]+)(?: Build|\) AppleWebKit),TRUE,POLYNOMIAL,SLQ2,"""+"";Haier ""*5000+"" ",T1#T3#L2#D2#C4#C3#L3#C2,,,,,,,,C2,,,
CVE,Build/HCL ME Tablet ([^;\)]+)[\);],TRUE,POLYNOMIAL,SLQ2,"""+""Build/HCL ME Tablet ""*5000+""�",T1#T3#C3#L3#C2,,,,,,,,,,,
CVE,; *([^;\/]+) Build/HCL,TRUE,POLYNOMIAL,POA,"; ""+"" ""*10000+""@",T1#T3#L2#C3#L3,,,,,,,,,,,
CVE,; *HP ([^/]+)(?: Build|\) AppleWebKit),TRUE,POLYNOMIAL,SLQ2,"""+"";HP ""*5000+"" ",T1#T3#L2#C3#L3#D2,,,,,,,,,,,
CVE,; *([^/]+_tenderloin)(?: Build|\) AppleWebKit),TRUE,POLYNOMIAL,POA,"; ""+"" ""*10000+""@",T1#T3#L2#C3#L3#D2,,,,,,,,,,,
CVE,; *([^;/]+) Build[/ ]Huawei(MT1-U06|[A-Z]+\d+[^\);]+)\),TRUE,POLYNOMIAL,POA,"; ""+"" ""*10000+""@",T1#T3#L2#C3#L3#D2#C1,,,,,,,,,,,
CVE,; *([^;]+) Build/(?:Huawei|HUAWEI),TRUE,POLYNOMIAL,POA,"; ""+"" ""*10000+""@",T1#T3#L2#C3#L3#D2,,,,,,,,,,,
CVE,; *(?:Ideos |IDEOS )([^;/]+\s*|\s*)Build,TRUE,POLYNOMIAL,POA,";IDEOS �""+"" ""*10000+""@",T1#T3#L2#C3#L3#D2#C4,,,,,,,,,,,
CVE,; *(Orange Daytona|Pulse|Pulse Mini|Vodafone 858|C8500|C8600|C8650|C8660|Nexus 6P|ATH-.+?) Build[/ ],TRUE,POLYNOMIAL,SLQ2,"""+"";ATH-""*5000+"" ",T1#T3#L2#C2#L3#D2#C4,,,,,,,,,,,
CVE,HTC Streaming Player [^\/]*/[^\/]*/ htc_([^/]+),TRUE,POLYNOMIAL,SLQ2,"""+""HTC Streaming Player ""*5000+""�",T1#T3#L2#C3#L3,,,,,,,,,,,
CVE,"(?:[;,] *|^)(?:htccn_chs-|)HTC[ _-]?([^;]+?)(?: *Build|clay|Android|-?Mozilla| Opera| Profile| UNTRUSTED|[;/\(\)]|$)",TRUE,POLYNOMIAL,POA,"HTC""+"" ""*10000+""@",T1#T3#L2#C3#L3#C2#L3#D2,,,,,,,,D2,,,
CVE,; *(ADR6200|ADR6400L|ADR6425LVW|Amaze|DesireS?|EndeavorU|Eris|EVO|Evo\d[A-Z]+|HD2|IncredibleS?|Inspire[A-Z0-9]*|Inspire[A-Z0-9]*|Sensation[A-Z0-9]*|Wildfire)[ _-](.+?)(?:[/;\)]|Build|MIUI|1\.0),FALSE,,,,T1#T3#L2#C3#L3#C2#C1#C4#D2,,,,,,,,C4,D2,,
CVE,; *HYUNDAI (T\d[^/]*)(?: Build|\) AppleWebKit),TRUE,POLYNOMIAL,SLQ2,"""+"";HYUNDAI T0""*5000+"" ",T1#T3#L2#C3#C1#C4,,,,,,,,,,,
CVE,; *(NT-\d+[^ ;/]*|Net[Tt]AB [^;/]+|Mercury [A-Z]+|iconBIT)(?: S/N:[^;/]+|)(?: Build|\) AppleWebKit),TRUE,POLYNOMIAL,POA,";NT-0""+""0""*5000+""@",T1#T3#L2#C3#C1#C4#L3#D2,,,,,,,,D2,,,
CVE,; *i-?mobile[ _]([^/]+)(?: Build|\) AppleWebKit),TRUE,POLYNOMIAL,SLQ2,"""+"";imobile ""*5000+"" ",T1#T3#L2#C3#L3#D2,,,,,,,,,,,
CVE,; *(i-(?:style|note)[^/]*)(?: Build|\) AppleWebKit),TRUE,POLYNOMIAL,SLQ2,"""+"";i-note""*5000+"" ",T1#T3#L2#C3#D2,,,,,,,,,,,
CVE,; *(ImPAD) ?(\d+(?:.)*?)(?: Build|\) AppleWebKit),TRUE,POLYNOMIAL,POA,";ImPAD""+""0""*10000+""@",T1#T3#L2#C4#D2,,,,,,,,,,,
CVE,; *(?:Intex[ _]|)(AQUA|Aqua)([ _\.\-])([^;/]+?) *(?:Build|;),TRUE,POLYNOMIAL,POA,";AQUA �""+"" ""*10000+""@",T1#T3#L2#C3#L3#C2#D2,,,,,,,,,,,
CVE,; *([iI]Buddy)[ _]?(Connect)(?:_|\?_| |)([^;/]*) *(?:Build|;),TRUE,POLYNOMIAL,POA,";IBuddyConnect""+"" ""*5000+""@",T1#T3#L2#C3#L3#C2#D2,,,,,,,,,,,
CVE,; *(I-Buddy)[ _]([^;/]+?) *(?:Build|;),TRUE,POLYNOMIAL,POA,";I-Buddy_""+"" ""*10000+""@",T1#T3#L2#C3#L3#C2#D2,,,,,,,,,,,
CVE,; *(iOCEAN) ([^/]+)(?: Build|\) AppleWebKit),TRUE,POLYNOMIAL,SLQ2,"""+"";iOCEAN ""*5000+"" ",T1#T3#L2#C3#L3#D2,,,,,,,,,,,
CVE,; *Karbonn[ _]?([^;/]+) *(?:Build|;),TRUE,POLYNOMIAL,POA,";Karbonn�""+"" ""*10000+""@",T1#T3#L2#C3#L3#C2#D2,,,,,,,,,,,
CVE,; *([^;]+) Build/Karbonn,TRUE,POLYNOMIAL,POA,"; ""+"" ""*10000+""@",T1#T3#L2#C3#L3,,,,,,,,,,,
CVE,; *(?:LAVA[ _]|)IRIS[ _\-]?([^/;\)]+) *(?:;|\)|Build),TRUE,POLYNOMIAL,POA,";IRIS�""+"" ""*10000+""@",T1#T3#L2#C3#L3#C2#D2,,,,,,,,,,,
CVE,; *(?:LNV-|)(?:=?[Ll]enovo[ _\-]?|LENOVO[ _])(.+?)(?:Build|[;/\)]),FALSE,,,,T1#T3#L2#C3#L3#C2#D2,,,,,,,,,,,
CVE,; *(E[34][0-9]{2}|LS[6-8][0-9]{2}|VS[6-9][0-9]+[^;/]+|Nexus 4|Nexus 5X?|GT540f?|Optimus (?:2X|G|4X HD)|OptimusX4HD) *(?:Build|;),TRUE,POLYNOMIAL,POA,";VS6""+""00""*5000+""@",T1#T3#L2#C3#L3#S1#C1#C4#D2,,,,,,,,C4,D2,,
CVE,"; *(LG-)([A-Z]{1,2}\d{2,}[^,;/\)\(]*?)(?:Build| V\d+|[,;/\)\(]|$)",TRUE,POLYNOMIAL,POA,";LG-A00""+""00""*5000+""◎a!;!◎a!;!",T1#T3#L2#C3#L3#S1#C1#C4#L1#C2,,,,,,,,C4,L1,C2,
CVE,^(LG)-([^;/]+)/ Mozilla/.*; Android,FALSE,,,,T1#T3#L2#C3#L3#C4,,,,,,,,,,,
CVE,; *(GenxDroid7|MSD7.*?|AX\d.*?|Tab 701|Tab 722)(?: Build|\) AppleWebKit),TRUE,POLYNOMIAL,SLQ2,"""+"";AX0""*5000+"" ",T1#T3#D2#C4#L2,,,,,,,,,,,
CVE,"; *(M-PP[^;/]+|PhonePad ?\d{2,}[^;/]+?)(?: Build|\) AppleWebKit)",TRUE,POLYNOMIAL,POA,";PhonePad""+""000""*5000+""@",T1#T3#D2#C4#L2#C4#C3#L3#L1,,,,,,,,L3,L1,,
CVE,"; *(M-MP[^;/]+|SmartPad ?\d{2,}[^;/]+?)(?: Build|\) AppleWebKit)",TRUE,POLYNOMIAL,POA,";SmartPad00""+""000""*5000+""@",T1#T3#D2#C4#L2#C4#C3#L3#L1,,,,,,,,L3,L1,,
CVE,; *(?:meizu_|MEIZU )(.+?) *(?:Build|[;\)]),TRUE,POLYNOMIAL,POA,";MEIZU �""+"" ""*10000+""@",T1#T3#C4#D2#L3#L2#C2,,,,,,,,,,,
CVE,; *(Cynus)[ _](F5|T\d|.+?) *(?:Build|[;/\)]),TRUE,POLYNOMIAL,POA,";Cynus_""+"" ""*10000+""@",T1#T3#C4#D2#L3#L2#C2#C4,,,,,,,,C4,,,
CVE,; ?(NEC-)(.*?)(?: Build|\) AppleWebKit),TRUE,POLYNOMIAL,SLQ2,"""+"";NEC-""*5000+"" ",T1#T3#C4#L2#D2,,,,,,,,,,,
CVE,; *(NXM\d+[A-Za-z0-9_]*|Next\d[A-Za-z0-9_ \-]*|NEXT\d[A-Za-z0-9_ \-]*|Nextbook [A-Za-z0-9_ ]*|DATAM803HC|M805)(?: Build|[\);]),TRUE,POLYNOMIAL,POA,";NXM""+""0""*5000+""@",T1#T3#L2#C1#C4#D2#C2,,,,,,,,,,,
CVE,; *(Nokia)([ _\-]*)([^;/]*) Build,TRUE,POLYNOMIAL,POA,";Nokia ""+"" ""*10000+""@",T1#T3#L2#C2#C4,,,,,,,,,,,
CVE,; *(SKY[ _]|)(IM\-[AT]\d{3}[^;/]+).* Build/,TRUE,POLYNOMIAL,POA,";IM-A111""+""�""*10000+""@",T1#T3#L2#C2#C4#C3#S1,,,,,,,,,,,
CVE,; *Pantech([^;/]+).* Build/,TRUE,POLYNOMIAL,POA,";Pantech""+""�""*10000+""@",T1#T3#L2#C3#C4,,,,,,,,,,,
CVE,Android 4\..*; *(M[12356789]|U[12368]|S[123])\ ?(pro)?(?: Build|\) AppleWebKit),TRUE,POLYNOMIAL,SLQ2,"""+""Android 4.""*5000+""�",T1#T3#L2#D2,,,,,,,,,,,
CVE,"; *(?:Polaroid[ _]|)((?:MIDC\d{3,}|PMID\d{2,}|PTAB\d{3,})[^;/]*?)(\/[^;/]*|)(?: Build|\) AppleWebKit)",TRUE,POLYNOMIAL,POA,";MIDC""+""000""*5000+""@",T1#T3#L2#D2#C2#L1#C4#C3,,,,,,,,C3,,,
CVE,; *(POMP)[ _\-](.+?) *(?:Build|[;/\)]),TRUE,POLYNOMIAL,POA,";POMP-""+"" ""*10000+""@",T1#T3#L2#C2#L3#D2#C4,,,,,,,,,,,
CVE,; *(PLT[0-9]{4}.*?)(?: Build|\) AppleWebKit),TRUE,POLYNOMIAL,SLQ2,"""+"";PLT0000""*5000+"" ",T1#T3#L2#L3#D1#S1#C4,,,,,,,,,,,
CVE,; *(SAMSUNG |Samsung |)((?:Galaxy (?:Note II|S\d)|GT-I9082|GT-I9205|GT-N7\d{3}|SM-N9005)[^;/]*)\/?[^;/]* Build/,TRUE,POLYNOMIAL,POA,";GT-I9082 ""+""�""*10000+""@",T1#T3#D2#L2#S1#C3#C4,,,,,,,,,,,
CVE,; *(SAMSUNG |Samsung )([^\/]*)\/[^ ]* Build/,TRUE,POLYNOMIAL,SLQ2,"""+"";SAMSUNG ""*5000+""�",T1#T3#D2#L2#S1#C3,,,,,,,,,,,
CVE,; *(SAMSUNG-|)(GT\-[BINPS]\d{4}[^\/]*)(\/[^ ]*) Build,TRUE,POLYNOMIAL,SLQ2,"""+"";GT-B0000""*5000+""�",T1#T3#D2#L2#S1#C3#C4,,,,,,,,,,,
CVE,; (SAMSUNG-)([A-Za-z0-9\-]+).* Build/,TRUE,POLYNOMIAL,POA,"; SAMSUNG-""+""A""*10000+""@",T1#T3#C1#C4#L2#L3,,,,,,,,,,,
CVE,; *((?:SCH|SGH|SHV|SHW|SPH|SC|SM)\-[A-Za-z0-9 ]+)(/?[^ ]*|) Build,TRUE,POLYNOMIAL,POA,";SCH-""+""0""*10000+""@",T1#L2#C1#C3#L2#L3#D2,,,,,,,,,,,
CVE,; *((?:SC)\-[A-Za-z0-9 ]+)(/?[^ ]*|)\),TRUE,POLYNOMIAL,POA,";SC- ""+""0""*10000+""@",T1#T3#L2#C1#C3##L3#D2,,,,,,,,D2,,,
CVE,((?:SCH)\-[A-Za-z0-9 ]+)(/?[^ ]*|) Build,TRUE,POLYNOMIAL,POA,"SCH-""+""0""*10000+""@",T1#L2#C1#C3#L3#D2,,,,,,,,,,,
CVE,; *(SK\-.*?)(?: Build|\) AppleWebKit),TRUE,POLYNOMIAL,SLQ2,"""+"";SK-""*5000+"" ",T1#T3#L2#C1#C3#D2,,,,,,,,,,,
CVE,; *(ST\d{4}.*)Build/ST,TRUE,POLYNOMIAL,SLQ2,"""+"";ST0000""*5000+""�",T1#L2#S1#C4,,,,,,,,,,,
CVE,; *(ST\d{4}.*?)(?: Build|\) AppleWebKit),TRUE,POLYNOMIAL,SLQ2,"""+"";ST0000""*5000+"" ",T1#T3#L2#S1#C4#D2,,,,,,,,,,,
CVE,; *(Xperia (?:A8|Arc|Acro|Active|Live with Walkman|Mini|Neo|Play|Pro|Ray|X\d+)[^;/]*) Build,TRUE,POLYNOMIAL,POA,";Xperia X0""+""0""*10000+""@",T1#L2#S1#C3#D2#C4#L3,,,,,,,,,,,
CVE,; *(Sprint )(.+?) *(?:Build|[;/]),TRUE,POLYNOMIAL,POA,";Sprint �""+"" ""*10000+""@",T1#C4#L3#D2#C2#L2,,,,,,,,,,,
CVE,; *Build/.* (TOLINO_BROWSER),TRUE,POLYNOMIAL,SLQ2,"""+"";Build/""*5000+"" ",T1#C4#L2,,,,,,,,,,,
CVE,\b(T-Mobile)_([^_]+)_(.*) Build,FALSE,,,,T1#T3#L2#C3#C2#L3,,,,,,,,,,,
CVE,\b(T-Mobile)[_ ]?(.*?)Build,FALSE,,,,T1#T3#L2#C4#C2#D2,,,,,,,,,,,
CVE,; *(TM-MID\d+[^;/]+|TOUCHMATE|MID-750)(?: Build|\) AppleWebKit),TRUE,POLYNOMIAL,POA,";TM-MID0""+""00""*5000+""@",T1#T3#C4#L2#L3#D2#C3,,,,,,,,,,,
CVE,; *(TM-SM\d+[^;/]+?)(?: Build|\) AppleWebKit),TRUE,POLYNOMIAL,POA,";TM-SM""+""00""*5000+""@",T1#T3#C4#L2#L3#D2#C3,,,,,,,,,,,
CVE,(TOUCH(?:TAB|PAD).+?)(?: Build|\) AppleWebKit),TRUE,POLYNOMIAL,SLQ2,"""+""TOUCHPAD""*5000+"" ",T1#T3#C4#L3#D2,,,,,,,,,,,
CVE,(VERTU) ([^;/]+?)(?: Build|\) AppleWebKit),TRUE,POLYNOMIAL,SLQ2,"""+""VERTU ""*5000+"" ",T1#T3#C3#L3#D2,,,,,,,,,,,
CVE,; *(Videocon)[ _\-]([^;/]+?) *(?:Build|;),TRUE,POLYNOMIAL,POA,";Videocon-""+"" ""*10000+""@",T1#T3#C3#L3#D2#L2#C2,,,,,,,,,,,
CVE,; *(GTablet.*?)(?: Build|\) AppleWebKit),TRUE,POLYNOMIAL,SLQ2,"""+"";GTablet""*5000+"" ",T1#T3#D2#C4#L2,,,,,,,,,,,
CVE,(Vodafone) (.*?)(?: Build|\) AppleWebKit),TRUE,POLYNOMIAL,SLQ2,"""+""Vodafone ""*5000+"" ",T1#T3#D2#C4#L2,,,,,,,,,,,
CVE,; *XOLO[ _]([^;/]*tab.*)(?: Build|\) AppleWebKit),TRUE,POLYNOMIAL,POA,";XOLO_""+""tab""*5000+""@",T1#T3#C2#C3#L2#D2,,,,,,,,,,,
CVE,; *(PAD ?[79]\d+[^;/]*|TelePAD\d+[^;/])(?: Build|\) AppleWebKit),TRUE,POLYNOMIAL,POA,";PAD70""+""0""*5000+""@",T1#T3#C2#C3#L2#D2#L3#C4,,,,,,,,C4,,,
CVE,; *(SmartTab\d+)[^;]*(?: Build|\) AppleWebKit),TRUE,POLYNOMIAL,POA,";SmartTab0""+""0""*10000+""@",T1#T3#C3#L2#D2,,,,,,,,,,,
CVE,(sprd)\-([^/]+)/,TRUE,POLYNOMIAL,SLQ2,"""+""sprd-""*5000+""�",T1#T3#C3#L3,,,,,,,,,,,
CVE,; *(e\d{4}[a-z]?_?v\d+|v89_[^;/]+)[^;/]+ Build/,TRUE,POLYNOMIAL,POA,";e0000v0""+""00""*5000+""@",T1#C4#S1#C1#L2#L3#C3,,,,,,,,,,,
CVE,"Windows Phone [^;]+; .*?IEMobile/[^;\)]+[;\)] ?(?:ARM; ?Touch; ?|Touch; ?|)(?:ALCATEL)[^;]*; *([^;,\)]+)",TRUE,POLYNOMIAL,POA,"Windows Phone �; ""+""IEMobile/�""*5000+""@",T1#C3#L2#C4#L3#T3#D2#C2,,,,,,,,C2,,,
CVE,"Windows Phone [^;]+; .*?IEMobile/[^;\)]+[;\)] ?(?:ARM; ?Touch; ?|Touch; ?|WpsLondonTest; ?|)(?:ASUS|Asus)[^;]*; *([^;,\)]+)",TRUE,POLYNOMIAL,POA,"Windows Phone �; ""+""IEMobile/�""*5000+""@",T1#C3#L2#C4#L3#T3#D2#C2,,,,,,,,C2,,,
CVE,"Windows Phone [^;]+; .*?IEMobile/[^;\)]+[;\)] ?(?:ARM; ?Touch; ?|Touch; ?|)(?:DELL|Dell)[^;]*; *([^;,\)]+)",TRUE,POLYNOMIAL,POA,"Windows Phone �; ""+""IEMobile/�""*5000+""@",T1#C3#L2#C4#L3#T3#D2#C2,,,,,,,,C2,,,
CVE,"Windows Phone [^;]+; .*?IEMobile/[^;\)]+[;\)] ?(?:ARM; ?Touch; ?|Touch; ?|WpsLondonTest; ?|)(?:HTC|Htc|HTC_blocked[^;]*)[^;]*; *(?:HTC|)([^;,\)]+)",TRUE,POLYNOMIAL,POA,"Windows Phone �; ""+""IEMobile/�""*5000+""@",T1#C3#L2#C4#L3#T3#D2#C2,,,,,,,,C2,,,
CVE,"Windows Phone [^;]+; .*?IEMobile/[^;\)]+[;\)] ?(?:ARM; ?Touch; ?|Touch; ?|)(?:HUAWEI)[^;]*; *(?:HUAWEI |)([^;,\)]+)",TRUE,POLYNOMIAL,POA,"Windows Phone �; ""+""IEMobile/�""*5000+""@",T1#C3#L2#C4#L3#T3#D2#C2,,,,,,,,C2,,,
CVE,"Windows Phone [^;]+; .*?IEMobile/[^;\)]+[;\)] ?(?:ARM; ?Touch; ?|Touch; ?|)(?:LG|Lg)[^;]*; *(?:LG[ \-]|)([^;,\)]+)",TRUE,POLYNOMIAL,POA,"Windows Phone �; ""+""IEMobile/�""*5000+""@",T1#C3#L2#C4#L3#T3#D2#C2,,,,,,,,C2,,,
CVE,"Windows Phone [^;]+; .*?IEMobile/[^;\)]+[;\)] ?(?:ARM; ?Touch; ?|Touch; ?|)(?:rv:11; |)(?:NOKIA|Nokia)[^;]*; *(?:NOKIA ?|Nokia ?|LUMIA ?|[Ll]umia ?|)(\d{3,10}[^;\)]*)",TRUE,POLYNOMIAL,POA,"Windows Phone �; ""+""IEMobile/�""*5000+""@",T1#C3#L2#C4#L3#T3#D2#C2,,,,,,,,C2,,,
CVE,"Windows Phone [^;]+; .*?IEMobile/[^;\)]+[;\)] ?(?:ARM; ?Touch; ?|Touch; ?|)(?:NOKIA|Nokia)[^;]*; *(RM-\d{3,})",TRUE,POLYNOMIAL,POA,"Windows Phone �; ""+""IEMobile/�""*5000+""@",T1#C3#L2#C4#L3#T3#D2#C2#L1,,,,,,,,C2,L1,,
CVE,(?:Windows Phone [^;]+; .*?IEMobile/[^;\)]+[;\)]|WPDesktop;) ?(?:ARM; ?Touch; ?|Touch; ?|)(?:NOKIA|Nokia)[^;]*; *(?:NOKIA ?|Nokia ?|LUMIA ?|[Ll]umia ?|)([^;\)]+),TRUE,POLYNOMIAL,POA,"Windows Phone �; ""+""IEMobile/�""*5000+""@",T1#C3#L2#C4#L3#T3#D2#C2,,,,,,,,C2,,,
CVE,"Windows Phone [^;]+; .*?IEMobile/[^;\)]+[;\)] ?(?:ARM; ?Touch; ?|Touch; ?|)(?:Microsoft(?: Corporation|))[^;]*; *([^;,\)]+)",TRUE,POLYNOMIAL,POA,"Windows Phone �; ""+""IEMobile/�""*5000+""@",T1#C3#L2#C4#L3#T3#D2#C2,,,,,,,,C2,,,
CVE,"Windows Phone [^;]+; .*?IEMobile/[^;\)]+[;\)] ?(?:ARM; ?Touch; ?|Touch; ?|WpsLondonTest; ?|)(?:SAMSUNG)[^;]*; *(?:SAMSUNG |)([^;,\.\)]+)",TRUE,POLYNOMIAL,POA,"Windows Phone �; ""+""IEMobile/�""*5000+""@",T1#C3#L2#C4#L3#T3#D2#C2,,,,,,,,C2,,,
CVE,"Windows Phone [^;]+; .*?IEMobile/[^;\)]+[;\)] ?(?:ARM; ?Touch; ?|Touch; ?|WpsLondonTest; ?|)(?:TOSHIBA|FujitsuToshibaMobileCommun)[^;]*; *([^;,\)]+)",TRUE,POLYNOMIAL,POA,"Windows Phone �; ""+""IEMobile/�""*5000+""@",T1#C3#L2#C4#L3#T3#D2#C2,,,,,,,,C2,,,
CVE,"Windows Phone [^;]+; .*?IEMobile/[^;\)]+[;\)] ?(?:ARM; ?Touch; ?|Touch; ?|WpsLondonTest; ?|)([^;]+); *([^;,\)]+)",TRUE,POLYNOMIAL,POA,"Windows Phone �; ""+""IEMobile/�""*5000+""@",T1#C3#L2#C4#L3#T3#D2#C2,,,,,,,,C2,,,
CVE,(?:^|; )SAMSUNG\-([A-Za-z0-9\-]+).* Bada/,TRUE,POLYNOMIAL,POA,"SAMSUNG-""+""A""*10000+""@",D2#T1#T3#C1#C4#L2#L3,,,,,,,,,,,
CVE,\(Mobile; ALCATEL ?(One|ONE) ?(Touch|TOUCH) ?([^;/]+?)(?:/[^;]+|); rv:[^\)]+\) Gecko/[^\/]+ Firefox/,TRUE,POLYNOMIAL,SLQ2,"""+""(Mobile; ALCATELONETOUCH�; rv:""*5000+""�",D2#T1#T3#L3#C3,,,,,,,,,,,
CVE,\(Mobile; (?:ZTE([^;]+)|(OpenC)); rv:[^\)]+\) Gecko/[^\/]+ Firefox/,TRUE,POLYNOMIAL,SLQ2,"""+""(Mobile; ZTE�; rv:""*5000+""�",D2#T1#T3#L3#C3,,,,,,,,,,,
CVE,\(Mobile; ALCATEL([A-Za-z0-9\-]+); rv:[^\)]+\) Gecko/[^\/]+ Firefox/[^\/]+ KaiOS/,TRUE,POLYNOMIAL,SLQ2,"""+""(Mobile; ALCATEL-; rv:""*5000+""�",D2#T1#T3#L3#C3#C1,,,,,,,,,,,
CVE,\(Mobile; LYF\/([A-Za-z0-9\-]+)\/.+;.+rv:[^\)]+\) Gecko/[^\/]+ Firefox/[^\/]+ KAIOS/,TRUE,POLYNOMIAL,SLQ2,"""+""(Mobile; LYF/-/""*5000+""�",D2#T1#T3#L3#C3#C1,,,,,,,,,,,
CVE,\(Mobile; Nokia_([A-Za-z0-9\-]+)_.+; rv:[^\)]+\) Gecko/[^\/]+ Firefox/[^\/]+ KAIOS/,TRUE,POLYNOMIAL,SLQ2,"""+""(Mobile; Nokia_-_""*5000+""�",D2#T1#T3#L3#C3#C1,,,,,,,,,,,
CVE,(?:NOKIA|Nokia)(?:\-| *)(?:([A-Za-z0-9]+)\-[0-9a-f]{32}|([A-Za-z0-9\-]+)(?:UCBrowser)|([A-Za-z0-9\-]+)),FALSE,,,,D2#T1#T3#L3#C1#L2,,,,,,,,,,,
CVE,Play[Bb]ook.+RIM Tablet OS,TRUE,POLYNOMIAL,SLQ2,"""+""PlayBook""*5000+""�",C4#L3#T1,,,,,,,,,,,
CVE,webOS.*(P160U(?:NA|))/(\d+).(\d+),TRUE,POLYNOMIAL,POA,"webOSP160U/""+""000""*5000+""@",T1#C4#L2#L3#D2,,,,,,,,,,,
CVE,HPiPAQ([A-Za-z0-9]+)/\d+.\d+,TRUE,POLYNOMIAL,POA,"HPiPAQA/""+""000""*5000+""@",T1#L3#C4#C1,,,,,,,,,,,
CVE,"CFNetwork/.* Darwin/\d.*\(((?:Mac|iMac|PowerMac|PowerBook)[^\d]*)(\d+)(?:,|%2C)(\d+)",TRUE,POLYNOMIAL,POA,"CFNetwork/""+"" Darwin/0""*5000+""@",T1#C4#L2#D2#C3#L3#T3,,,,,,,,,,,
CVE,CFNetwork/.* Darwin/\d+\.\d+\.\d+ \(x86_64\),TRUE,POLYNOMIAL,SLQ2,"""+""CFNetwork/""*5000+"" ",T1#C4#L2#L3#T3,,,,,,,,,,,
CVE,CFNetwork/.* Darwin/\d,TRUE,POLYNOMIAL,SLQ2,"""+""CFNetwork/""*5000+"" ",T1#C4#L2,,,,,,,,,,,
CVE,(?:asus.*?ASUS|Asus|ASUS|asus)[\- ;]*((?:Transformer (?:Pad|Prime) |Transformer |Padfone |Nexus[ _]|)[A-Za-z0-9]+),TRUE,POLYNOMIAL,POA,"asus ""+""ASUS""*5000+""@",D2#C4#L2#T3#T1#C2#C1#L3,,,,,,,,L3,,,
CVE,([A-Za-z0-9]+)_W;FOMA,TRUE,POLYNOMIAL,SLQ2,"""+""a""*10000+""�",C1#L3#T1,,,,,,,,,,,
CVE,([A-Za-z0-9]+);FOMA,TRUE,POLYNOMIAL,SLQ2,"""+""A""*10000+""�",C1#L3#T1,,,,,,,,,,,
CVE,\b(?:HTC/|HTC/[a-z0-9]+/|)HTC[ _\-;]? *(.*?)(?:-?Mozilla|fingerPrint|[;/\(\)]|$),TRUE,POLYNOMIAL,POA,"HTC""+"" ""*5000+""A◎\nA◎\n",D2#L2#C1#C2#T1#T3#C4#L3,,,,,,,,L3,,,
CVE,"(HbbTV)/1\.1\.1.*CE-HTML/1\.\d;(Vendor/|)(THOM[^;]*?)[;\s].{0,30}(LF[^;]+);?",TRUE,POLYNOMIAL,POA,"HbbTV/1.1.1CE-HTML/1.1;THOM""+""\tLF�""*5000+""\n;\n;\n;\n;",T1#T3#D2#C4#D1#C3#L2#L3,,,,,,,,L3,,,
CVE,(HbbTV)(?:/1\.1\.1|) ?(?: \(;;;;;\)|); *CE-HTML(?:/1\.\d|); *([^ ]+) ([^;]+);,TRUE,POLYNOMIAL,SLQ2,"""+""HbbTV;CE-HTML;""*5000+"" ",T1#D2#C4#L2#L3#C3,,,,,,,,,,,
CVE,InettvBrowser/[0-9]+\.[0-9A-Z]+ \([^;]*;(Sony)([^;]*);[^;]*;[^\)]*\),TRUE,POLYNOMIAL,SLQ2,"""+""InettvBrowser/0.0 (""*5000+""�",T1#C1#L3#C3#L2#T3,,,,,,,,,,,
CVE,InettvBrowser/[0-9]+\.[0-9A-Z]+ \([^;]*;([^;]*);[^;]*;[^\)]*\),TRUE,POLYNOMIAL,SLQ2,"""+""InettvBrowser/0.0 (""*5000+""�",T1#C1#L3#C3#L2#T3,,,,,,,,,,,
CVE,(?:MSIE|XBMC).*\b(Xbox)\b,TRUE,POLYNOMIAL,SLQ_2,"""+""MSIE""*5000+""\n@",D2#L2#C4#T1,,,,,,,,,,,
CVE,(SMART-TV); .* Tizen,TRUE,POLYNOMIAL,SLQ2,"""+""SMART-TV; ""*5000+"" ",T1#C4#L2,,,,,,,,,,,
CVE,SymbianOS/9\.\d.* Samsung[/\-]([A-Za-z0-9 \-]+),TRUE,POLYNOMIAL,POA,"SymbianOS/9.0 ""+"" Samsung- ""*5000+""@",T1#C4#C2#C1#L3#L2,,,,,,,,,,,
CVE,Android [^;]+; ([^ ]+) (Sony)/,TRUE,POLYNOMIAL,SLQ2,"""+""Android ""*5000+""�",T1#C3#L3#L2,,,,,,,,,,,
CVE,"Android[\- ][\d]+\.[\d]+; [A-Za-z]{2}\-[A-Za-z]{0,2}; WOWMobile (.+)( Build[/ ]|\))",TRUE,POLYNOMIAL,SLQ2,"""+""Android 0.0; AA-; WOWMobile ""*5000+"" ",T1#T3#C2#C4#C1#L2#S1#D1#L3,,,,,,,,D1,L3,,
CVE,"Android[\- ][\d]+\.[\d]+\-update1; [A-Za-z]{2}\-[A-Za-z]{0,2} *; *(.+?)( Build[/ ]|\))",TRUE,POLYNOMIAL,POA,"Android 0.0-update1; AA-; ""+"" ""*5000+""@",T1#T3#C2#C4#C1#L2#S1#D1#L3#D2,,,,,,,,D1,L3,D2,
CVE,"Android[\- ][\d]+(?:\.[\d]+)(?:\.[\d]+|); *[A-Za-z]{2}[_\-][A-Za-z]{0,2}\-? *; *(.+?)( Build[/ ]|\))",TRUE,POLYNOMIAL,POA,"Android-0.0;AA-;""+"" ""*5000+""@",T1#T3#C2#C4#C1#L2#S1#D1#L3#D2,,,,,,,,D1,L3,D2,
CVE,"Android[\- ][\d]+(?:\.[\d]+)(?:\.[\d]+|); *[A-Za-z]{0,2}\- *; *(.+?)( Build[/ ]|\))",TRUE,POLYNOMIAL,POA,"Android 0.0;-; ""+"" ""*5000+""@",T1#T3#C2#C4#C1#L2#S1#D1#L3#D2,,,,,,,,D1,L3,D2,
CVE,Android[\- ][\d]+(?:\.[\d]+)(?:\.[\d]+|); *\-?[A-Za-z]{2}; *(.+?)( Build[/ ]|\)),TRUE,POLYNOMIAL,POA,"Android 0.0;AA; ""+"" ""*5000+""@",T1#T3#C2#C4#C1#L2#S1#L3#D2,,,,,,,,L3,D2,,
CVE,Android \d+?(?:\.\d+|)(?:\.\d+|); ([^;]+?)(?: Build|\) AppleWebKit).+? Mobile Safari,TRUE,POLYNOMIAL,POA,"Android 0; �""+""� Build�""*5000+""@",T1#T3#C3#C4#C1#L3#D2,,,,,,,,,,,
CVE,Android \d+?(?:\.\d+|)(?:\.\d+|); ([^;]+?)(?: Build|\) AppleWebKit).+? Safari,TRUE,POLYNOMIAL,POA,"Android 0; �""+""� Build�""*5000+""@",T1#T3#C3#C4#C1#L3#D2,,,,,,,,,,,
CVE,(Android 3\.\d|Opera Tablet|Tablet; .+Firefox/|Android.*(?:Tab|Pad)),TRUE,POLYNOMIAL,SLQ2,"""+""Android""*5000+""P",T1#T3#C4#L3#L2#D2,,,,,,,,,,,
CVE,(Symbian|\bS60(Version|V\d)|\bS60\b|\((Series 60|Windows Mobile|Palm OS|Bada); Opera Mini|Windows CE|Opera Mobi|BREW|Brew|Mobile; .+Firefox/|iPhone OS|Android|MobileSafari|Windows *Phone|\(webOS/|PalmOS),TRUE,POLYNOMIAL,SLQ2,"""+""Mobile; ""*5000+""�",T1#C4#L3#T3,,,,,,,,,,,
CVE,(bot|BUbiNG|zao|borg|DBot|oegp|silk|Xenu|zeal|^NING|CCBot|crawl|htdig|lycos|slurp|teoma|voila|yahoo|Sogou|CiBra|Nutch|^Java/|^JNLP/|Daumoa|Daum|Genieo|ichiro|larbin|pompos|Scrapy|snappy|speedy|spider|msnbot|msrbot|vortex|^vortex|crawler|favicon|indexer|Riddler|scooter|scraper|scrubby|WhatWeb|WinHTTP|bingbot|BingPreview|openbot|gigabot|furlbot|polybot|seekbot|^voyager|archiver|Icarus6j|mogimogi|Netvibes|blitzbot|altavista|charlotte|findlinks|Retreiver|TLSProber|WordPress|SeznamBot|ProoXiBot|wsr\-agent|Squrl Java|EtaoSpider|PaperLiBot|SputnikBot|A6\-Indexer|netresearch|searchsight|baiduspider|YisouSpider|ICC\-Crawler|http%20client|Python-urllib|dataparksearch|converacrawler|Screaming Frog|AppEngine-Google|YahooCacheSystem|fast\-webcrawler|Sogou Pic Spider|semanticdiscovery|Innovazion Crawler|facebookexternalhit|Google.*/\+/web/snippet|Google-HTTP-Java-Client|BlogBridge|IlTrovatore-Setaccio|InternetArchive|GomezAgent|WebThumbnail|heritrix|NewsGator|PagePeeker|Reaper|ZooShot|holmes|NL-Crawler|Pingdom|StatusCake|WhatsApp|masscan|Google Web Preview|Qwantify|Yeti|OgScrper),TRUE,POLYNOMIAL,SLQ2,"""+""Google""*5000+""�",T1#C4#L3#T3#L2,,,,,,,,,,,
CVE,"^([`~]+|[^`~])(?:(?= {2,}\n)|[\s\S]*?(?:(?=[\\<!\[`*~]|\b_|https?:\/\/|ftp:\/\/|www\.|$)|[^ ](?= {2,}\n)|[^a-zA-Z0-9.!#$%&'*+\/=?_`{\|}~-](?=[a-zA-Z0-9.!#$%&'*+\/=?_`{\|}~-]+@))|(?=[a-zA-Z0-9.!#$%&'*+\/=?_`{\|}~-]+@))",FALSE,,,,C2#L3#C3#L1#C4#D2,,,,,,,,,,,
CVE,^((([a-z]|\d|[!#\$%&'\*\+\-\/=\?\^_`{\|}~]|[\u00A0-\uD7FF\uF900-\uFDCF\uFDF0-\uFFEF])+(\.([a-z]|\d|[!#\$%&'\*\+\-\/=\?\^_`{\|}~]|[\u00A0-\uD7FF\uF900-\uFDCF\uFDF0-\uFFEF])+)*)|((\x22)((((\x20|\x09)*(\x0d\x0a))?(\x20|\x09)+)?(([\x01-\x08\x0b\x0c\x0e-\x1f\x7f]|\x21|[\x23-\x5b]|[\x5d-\x7e]|[\u00A0-\uD7FF\uF900-\uFDCF\uFDF0-\uFFEF])|(\\([\x01-\x09\x0b\x0c\x0d-\x7f]|[\u00A0-\uD7FF\uF900-\uFDCF\uFDF0-\uFFEF]))))*(((\x20|\x09)*(\x0d\x0a))?(\x20|\x09)+)?(\x22)))@((([a-z]|\d|[\u00A0-\uD7FF\uF900-\uFDCF\uFDF0-\uFFEF])|(([a-z]|\d|[\u00A0-\uD7FF\uF900-\uFDCF\uFDF0-\uFFEF])([a-z]|\d|-|\.|_|~|[\u00A0-\uD7FF\uF900-\uFDCF\uFDF0-\uFFEF])*([a-z]|\d|[\u00A0-\uD7FF\uF900-\uFDCF\uFDF0-\uFFEF])))\.)+(([a-z]|[\u00A0-\uD7FF\uF900-\uFDCF\uFDF0-\uFFEF])|(([a-z]|[\u00A0-\uD7FF\uF900-\uFDCF\uFDF0-\uFFEF])([a-z]|\d|-|\.|_|~|[\u00A0-\uD7FF\uF900-\uFDCF\uFDF0-\uFFEF])*([a-z]|[\u00A0-\uD7FF\uF900-\uFDCF\uFDF0-\uFFEF])))\.?$,TRUE,EXPONENT,EOD_i,"!@0.""+""000.""*32+""A",C1#L3#L2#C4#T1#T3#D2,,,,,,,,,,,
CVE,"^(?:(?:(?:https?|ftp):)?\/\/)(?:\S+(?::\S*)?@)?(?:(?!(?:10|127)(?:\.\d{1,3}){3})(?!(?:169\.254|192\.168)(?:\.\d{1,3}){2})(?!172\.(?:1[6-9]|2\d|3[0-1])(?:\.\d{1,3}){2})(?:[1-9]\d?|1\d\d|2[01]\d|22[0-3])(?:\.(?:1?\d{1,2}|2[0-4]\d|25[0-5])){2}(?:\.(?:[1-9]\d?|1\d\d|2[0-4]\d|25[0-4]))|(?:(?:[a-z\u00a1-\uffff0-9]-*)*[a-z\u00a1-\uffff0-9]+)(?:\.(?:[a-z\u00a1-\uffff0-9]-*)*[a-z\u00a1-\uffff0-9]+)*(?:\.(?:[a-z\u00a1-\uffff]{2,})).?)(?::\d{2,5})?(?:[/?#]\S*)?$",TRUE,EXPONENT,EOD_i,"//1.1.1""+"".2200""*16+""@",D2#L2#C4#L1#C1#L1#D1#T1#T3#S1,,,,,,,,T1,T3,S1,
CVE,rgba\([ \n\r\t]*(.+?)[ \n\r\t]*\),TRUE,POLYNOMIAL,POA,"rgba(""+"" ""*5000+""@",T1#C2#C4#L3#L2#T3#D2,,,,,,,,,,,
CVE,rgb\([ \n\r\t]*(.+?)[ \n\r\t]*\),TRUE,POLYNOMIAL,POA,"rgb( ""+"" ""*5000+""@",T1#C2#C4#L3#L2#T3#D2,,,,,,,,,,,
CVE,\s*\n\s*,TRUE,POLYNOMIAL,POA," ""+""\n""*20000+""�",C4#L2,,,,,,,,,,,
CVE,([A-Z]+)([A-Z][a-z]),TRUE,POLYNOMIAL,SLQ2,"""+""A""*10000+""A",C1#L3,,,,,,,,,,,
CVE,.*\.,TRUE,POLYNOMIAL,SLQ2,"""+""�""*20000+""�",C4#T3#L2,,,,,,,,,,,
CVE,"^[^\s-_](?!.*?[-_]{2,})([a-z0-9-\\]{1,})[^\s]*[^-_\s]$",TRUE,POLYNOMIAL,POA,"Aaa""+""a""*5000+"" ",C3#C4#D2#L2#L1#C1,,,,,,,,,,,
CVE,\s+$,TRUE,POLYNOMIAL,SLQ_1,"""+"" ""*20000+""!",C4#L3,,,,,,,,,,,
CVE,\s*$,TRUE,POLYNOMIAL,SLQ_1,"""+"" ""*20000+""!",C4#L2,,,,,,,,,,,
CVE,\s*(\d+)\s*(\S+) (.*),TRUE,POLYNOMIAL,POA,"0""+""00""*5000+""!",C4#L2,,,,,,,,,,,
CVE,\s+$,TRUE,POLYNOMIAL,SLQ_1,"""+"" ""*20000+""!",C4#L3,,,,,,,,,,,
CVE,^\S+@[a-zA-Z0-9._-]+\.[a-zA-Z0-9._-]+$,TRUE,POLYNOMIAL,POA,"�@A""+""-.A""*5000+"" ",C4#L3#C1,,,,,,,,,,,
CVE,"<\w+(\s+(""[^""]*""|'[^']*'|[^>])+)?(\/)?>|<\/\w+>",TRUE,EXPONENT,EOD_i,"<0\t�""+""""""�""*16+""@",C4#L3#C3#D2#T3,,,,,,,,,,,
CVE,\[([^\[\]]*|\[[^\[\]]*\])*\]|([A-Za-z])\2+|\.{3}|.,TRUE,POLYNOMIAL,SLQ_2,"[""+""A""*5000+""[",C1#T3#L2#S1#L3,,,,,,,,,,,
CVE,"^\s*(?:''|"""")?\s*(?:,\s*(?:''|"""")?\s*)*$",TRUE,EXPONENT,EOA_i1,"""+"", ""*32+""!",C4#D2#L2#D2#T1,,,,,,,,,,,
CVE,"(?:.*,)*[ \t]*([^ \t]+)[ \t]+realm=([""\']?)([^""\']*)\2",TRUE,EXPONENT,EOA_i1,"""+"",""*32+"" ",C4#T1#L2#T3#C3#L3#C2,,,,,,,,,,,
CVE,(opera\s[mobiletab]+).+version\/([\w\.-]+),TRUE,POLYNOMIAL,POA,"opera\tm""+""aa""*5000+""@",T1#C4#L3#C4#T3#C2,,,,,,,,,,,
CVE,(trident).+rv[:\s]([\w\.]+).+like\sgecko,TRUE,POLYNOMIAL,POA,"trident�""+""�rv\tA""*5000+""@",T1#C4#L3#C4#T3#C2,,,,,,,,,,,
CVE,version\/([\w\.]+).+?mobile\/\w+\s(safari),TRUE,POLYNOMIAL,POA,"version/""+""..""*5000+""@",T1#T3#C4#D2#L3,,,,,,,,,,,
CVE,version\/([\w\.]+).+?(mobile\s?safari|safari),TRUE,POLYNOMIAL,POA,"version/""+""..""*5000+""@",T1#T3#C4#D2#L3,,,,,,,,,,,
CVE,webkit.+?(gsa)\/([\w\.]+).+?(mobile\s?safari|safari)(\/[\w\.]+),TRUE,POLYNOMIAL,POA,"webkit�""+""�gsa/.""*5000+""@",T1#T3#C4#D2#L3#C2,,,,,,,,,,,
CVE,(mozilla)\/([\w\.]+).+rv\:.+gecko\/\d+,TRUE,POLYNOMIAL,POA,"mozilla/""+""..""*5000+""@",T1#T3#C4#D2#L3#C2,,,,,,,,,,,
CVE,(htc)[;_\s-]+([\w\s]+(?=\)|\sbuild)|\w+),TRUE,POLYNOMIAL,POA,"htc""+""\t\t""*5000+""@",C2#C4#L3#D2#T1,,,,,,,,,,,
CVE,android.+(hm[\s\-_]*note?[\s_]*(?:\d\w)?)\s+build,TRUE,POLYNOMIAL,POA,"android1hmnot""+"" ""*10000+""@",C2#C4#L3#D2#T1#L2#T3,,,,,,,,,,,
CVE,android.+(redmi[\s\-_]*(?:note|k)?(?:[\s_]?[\w\s]+))(?:\s+build|\)),TRUE,POLYNOMIAL,POA,"android""+""\tredmi ""*5000+""@",C2#C4#L3#D2#T1#L2#T3,,,,,,,,,,,
CVE,android.+(mi[\s\-_]*(?:a\d|one|one[\s_]plus|note lte)?[\s_]?(?:\d?\w?)[\s_]*(?:plus)?)\s+build,TRUE,POLYNOMIAL,POA,"android�mi ""+""\t""*5000+""@",C2#C4#L3#D2#T1#L2#T3,,,,,,,,,,,
CVE,android.+(mi[\s\-_]*(?:pad)(?:[\s_]?[\w\s]+))(?:\s+build|\)),TRUE,POLYNOMIAL,POA,"android""+""\tmipad ""*5000+""@",C2#C4#L3#D2#T1#L2#T3,,,,,,,,,,,
CVE,"android.+[;\/\s]+(Venue[\d\s]{2,7})\s+build",TRUE,POLYNOMIAL,POA,"android""+""\t\t""*5000+""@",C2#C4#L3#D2#T1#D1#T3,,,,,,,,,,,
CVE,"^\w+([\.\+-]?\w+)*@\w+([\.-]?\w+)*(\.\w{2,3})+$",TRUE,EXPONENT,NQ,"0A""+""A""*32+""�",C4#L3#C2#T3#T1#D2#D1#L2,,,,,,,,L2,,,
CVE,^(\s|\/\*.*?\*\/)*[\[\(\w],TRUE,EXPONENT,EOA_i1," ""+""/*/**/""*32+""",C4#T3#L2#C2,,,,,,,,,,,
CVE,"^rgb\(\s*(.+)\s*,\s*(.+)\s*,\s*(.+)\s*\)",TRUE,POLYNOMIAL,POA,"rgb( ""+"" ""*5000+""@",T1#C4#L2#L3#T3,,,,,,,,,,,
CVE,"^rgba\(\s*(.+)\s*,\s*(.+)\s*,\s*(.+)\s*,\s*(.+)\s*\)",TRUE,POLYNOMIAL,POA,"rgba(""+"" ""*5000+""@",T1#C4#L2#L3#T3,,,,,,,,,,,
CVE,^\s*|\s*$,FALSE,,,,C4#L2,,,,,,,,,,,
CVE,\s*$,TRUE,POLYNOMIAL,SLQ_1,"""+"" ""*20000+""!",C4#L2,,,,,,,,,,,
CVE,android.+(redmi[\s\-_]*(?:note)?(?:[\s_]*[\w\s]+))\s+build,TRUE,POLYNOMIAL,POA,"android""+""\tredmi ""*5000+""@",T1#C4#L3#C2#L2#D2,,,,,,,,,,,
CVE,android.+(mi[\s\-_]*(?:pad)(?:[\s_]*[\w\s]+))\s+build,TRUE,POLYNOMIAL,POA,"android""+""\tmipad ""*5000+""@",T1#C4#L3#C2#L2#D2,,,,,,,,,,,
CVE,"""((?:\\[\x00-\x7f]|[^\x00-\x08\x0a-\x1f\x7f""])*)""",TRUE,EXPONENT,EOD_i,"""""+""\\�\\\t""*32+""@",D2#T1#C1#C3#L2,,,,,,,,,,,
CVE,"""((?:\\[\x00-\x7f]|[^\x00-\x08\x0a-\x1f\x7f""])*)""",TRUE,EXPONENT,EOD_i,"""""+""\\�\\\t""*32+""@",D2#T1#C1#C3#L2,,,,,,,,,,,
CVE,"(?:(?:(?:[a-z]+:)?\/\/)|www\.)(?:\S+(?::\S*)?@)?(?:localhost|(?:25[0-5]|2[0-4]\d|1\d\d|[1-9]\d|\d)(?:\.(?:25[0-5]|2[0-4]\d|1\d\d|[1-9]\d|\d)){3}|(?:(?:[a-z\u00a1-\uffff0-9][-_]*)*[a-z\u00a1-\uffff0-9]+)(?:\.(?:[a-z\u00a1-\uffff0-9]-*)*[a-z\u00a1-\uffff0-9]+)*(?:\.(?:[a-z\u00a1-\uffff]{2,}))\.?)(?::\d{2,5})?(?:[/?#][^\s""]*)?",TRUE,EXPONENT,EOD_i,"//250.250.250.250""+"".20""*16+"" ",D2#C1#L3#T3#S1#L2#C3#C4,,,,,,,,C4,,,
CVE,"^([-/:,#%.'""\s!\w]|\w-\w|'[\s\w]+'\s*|""[\s\w]+""|\([\d,%\.\s]+\))*$",TRUE,EXPONENT,EOD_i,"""+""0-0\t""*32+""(",C2#C4#L3#L2#T1#T3,,,,,,,,,,,
CVE,\bSmartWatch *\( *([^;]+) *; *([^;]+) *;,TRUE,POLYNOMIAL,POA,"SmartWatch(""+"" ""*5000+""@",T1#T3#L2#C3#L3,,,,,,,,,,,
CVE,; *([^;/]+) Build[/ ]Huawei(MT1-U06|[A-Z]+\d+[^\);]+)[^\);]*\),TRUE,POLYNOMIAL,POA,"; ""+"" ""*10000+""@",T1#C3#T3#C1#C4#L2#L3,,,,,,,,,,,
CVE,(HbbTV)/[0-9]+\.[0-9]+\.[0-9]+ \([^;]*; *(LG)E *; *([^;]*) *;[^;]*;[^;]*;\),TRUE,POLYNOMIAL,POA,"HbbTV/0.0.0 (;LGE; ""+"" ""*5000+""@",T1#C3#T3#C1#C4#L2#L3,,,,,,,,,,,
CVE,(HbbTV)/[0-9]+\.[0-9]+\.[0-9]+ \([^;]*; *(?:CUS:([^;]*)|([^;]+)) *; *([^;]*) *;.*;,TRUE,POLYNOMIAL,POA,"HbbTV/0.0.0 (; ""+"" ""*5000+""@",T1#C1#L3#L2#C3#D2#T3,,,,,,,,,,,
CVE,"^(?:(?:(?:https?|ftp):)?\/\/)(?:(?:[1-9]\d?|1\d\d|2[01]\d|22[0-3])(?:\.(?:1?\d{1,2}|2[0-4]\d|25[0-5])){2}(?:\.(?:[1-9]\d?|1\d\d|2[0-4]\d|25[0-4]))|(?:(?:[a-z\u00a1-\uffff0-9]-*)*[a-z\u00a1-\uffff0-9]+)(?:\.(?:[a-z\u00a1-\uffff0-9]-*)*[a-z\u00a1-\uffff0-9]+)*(?:\.(?:[a-z\u00a1-\uffff]{2,}))?)(?::\d{2,5})?(?:[/?#]\S*)?$",TRUE,EXPONENT,EOD_i,"//1.1.1""+"".2200""*16+""@",T1#T3#D2#C1#D1#S1#L1#L2#L3#C4#C2,,,,,,,,L2,L3,C4,C2
CVE,"[a-z][A-Z]|[A-Z]{2,}[a-z]|[0-9][a-zA-Z]|[a-zA-Z][0-9]|[^a-zA-Z0-9 ]",TRUE,POLYNOMIAL,SLQ2,"""+""AA""*10000+""�",C1#C3#L1,,,,,,,,,,,
CVE,"<raw>[^\x00]+/(""{{{{"")",TRUE,POLYNOMIAL,SLQ2,"""+""<raw>""*5000+""�",C3#L3#T1#T3,,,,,,,,,,,
CVE,^(\-|\+)?([1-9]+[0-9]*)$,TRUE,POLYNOMIAL,POA,"""+""1""*10000+"" ",T3#C3#L3#C1#L2,,,,,,,,,,,
CVE,<!--([^-]+|[-][^-]+)*-->,TRUE,EXPONENT,NQ,"<!--�""+""�""*32+""",C3#T1#L2#L3,,,,,,,,,,,
CVE,<!\[CDATA\[([^\]]+|\][^\]]|\]\][^>])*\]\]>,TRUE,EXPONENT,NQ,"<![CDATA[�""+""�""*32+""",T1#C3#T3#L2#L3,,,,,,,,,,,